asset_id,ticker,name,category,subcategory,issuer_cik,series_name,offering_date,offering_price,shares,market_cap_usd,last_price_usd,source_url,source_confidence,rarity_score,status,trading_state,lifecycle_event_type,lifecycle_event_status,lifecycle_event_date,status_updated_at,buyout_offer_date,buyout_offer_price_per_share,buyout_offer_total_value,buyout_reference_price,buyout_reference_price_date,buyout_premium_pct,buyout_vote_yes_pct,buyout_vote_no_pct,buyout_vote_advisory_pct,buyout_vote_as_of,buyout_vote_provisional,buyout_notes,notes,underlying_collectible,significance,publisher,publication_year,issue_number,grade,exit_date,exit_price_per_share,exit_value_total,exit_type
rally-00mouton,00MOUTON,2000 Château Mouton Rothschild,wine and whiskey,wine,,,2021-04-01,13.5,2000,,,,1.0,0.5,trading,active,none,none,,,,,,,,,,,,,,,Currently trading. Submitted offering_date was 2021-04.,,,,,,,,,,
rally-03tache,03TACHE,2003 Domaine de la Romanée-Conti La Tâche,wine and whiskey,wine,,,2020-11-01,5.0,15600,,,,1.0,0.5,trading,active,none,none,,,,,,,,,,,,,,,Currently trading. Submitted offering_date was 2020-11.,,,,,,,,,,
rally-05latour,05LATOUR,2005 Château Latour,wine and whiskey,wine,,,2020-09-01,9.8,1000,,,,1.0,0.5,trading,active,none,none,,,,,,,,,,,,,,,Currently trading. Submitted offering_date was 2020-09.,,,,,,,,,,
rally-06brm,06BRM,2006 Giacomo Conterno Barolo Riserva Monfortino,wine and whiskey,wine,,,2020-12-01,10.0,1850,,,,1.0,0.5,trading,active,none,none,,,,,,,,,,,,,,,Currently trading. Submitted offering_date was 2020-12.,,,,,,,,,,
rally-09beaux,09BEAUX,2009 Domaine Leroy Vosne-Romanée Les Beaux Monts,wine and whiskey,wine,,,2021-01-01,5.0,6800,,,,1.0,0.5,trading,active,none,none,,,,,,,,,,,,,,,Currently trading. Submitted offering_date was 2021-01.,,,,,,,,,,
rally-09rbleroy,09RBLEROY,2009 Domaine Leroy Richebourg,wine and whiskey,wine,,,2021-08-01,25.0,4300,,,,1.0,0.5,trading,active,none,none,,,,,,,,,,,,,,,Currently trading. Submitted offering_date was 2021-08.,,,,,,,,,,
rally-11belair,11BELAIR,2011 Domaine du Comte Liger-Belair Vosne-Romanée Aux Reignots,wine and whiskey,wine,,,2021-03-01,11.0,2000,,,,1.0,0.5,trading,active,none,none,,,,,,,,,,,,,,,Currently trading. Submitted offering_date was 2021-03.,,,,,,,,,,
rally-13beaux,13BEAUX,2013 Domaine Leroy Vosne-Romanée Les Beaux Monts,wine and whiskey,wine,,,2020-11-01,5.0,5100,,,,1.0,0.5,trading,active,none,none,,,,,,,,,,,,,,,Currently trading. Submitted offering_date was 2020-11.,,,,,,,,,,
rally-14drc,14DRC,2014 Domaine de la Romanée-Conti Assortment,wine and whiskey,wine,,,2020-09-01,54.0,1000,,,,1.0,0.5,trading,active,none,none,,,,,,,,,,,,,,,Currently trading. Submitted offering_date was 2020-09.,,,,,,,,,,
rally-16petrus,16PETRUS,2016 Château Pétrus,wine and whiskey,wine,,,2020-09-01,5.2,9000,,,,1.0,0.5,trading,active,none,none,,,,,,,,,,,,,,,Currently trading. Submitted offering_date was 2020-09.,,,,,,,,,,
rally-16screag,16SCREAG,2016 Screaming Eagle,wine and whiskey,wine,,,2020-09-01,39.0,1000,,,,1.0,0.5,trading,active,none,none,,,,,,,,,,,,,,,Currently trading. Submitted offering_date was 2020-09.,,,,,,,,,,
rally-17dujac,17DUJAC,2017 Domaine Dujac Wine Collection,wine and whiskey,wine,,,2021-03-01,8.0,3250,,,,1.0,0.5,exited,inactive,buyout,completed,2025-05-13,,,,,,,,,,,,,,Exited wine asset; final realized buyout displays approximately $10.92/share.,,,,,,,2025-05-13,10.923077,35500.0,buyout
rally-59bond,59BOND,Ian Fleming - Goldfinger (Dedication Copy),books,rare books,,,2021-02-01,8.0,10250,,,,1.0,0.5,trading,active,none,none,,,,,,,,,,,,,,,Currently trading. Submitted offering_date was 2021-02.,,,,,,,,,,
rally-59jfk,59JFK,John F. Kennedy - Profiles in Courage (Inscribed to Frank Sinatra),books,rare books,,,2020-11-01,13.0,2000,,,,1.0,0.5,trading,active,none,none,,,,,,,,,,,,,,,Currently trading. Submitted offering_date was 2020-11.,,,,,,,,,,
rally-62bond,62BOND,Ian Fleming - The Spy Who Loved Me (Inscribed to RFK),books,rare books,,,2020-12-01,6.0,15500,,,,1.0,0.5,trading,active,none,none,,,,,,,,,,,,,,,Currently trading. Submitted offering_date was 2020-12.,,,,,,,,,,
rally-79stella,79STELLA,1979 Rolex Coral Stella Dial Day-Date,watches,rolex,,,2020-10-01,5.0,13800,,,,1.0,0.5,trading,active,none,none,,,,,,,,,,,,,,,Currently trading. Submitted offering_date was 2020-10.,,,,,,,,,,
rally-7orlex,70RLEX,1970 Rolex Watch,watches,rolex,,,2019-11-01,20.0,1000,,,,1.0,0.5,exited,inactive,buyout,completed,2023-12-12,,,,,,,,,,,,,,"Exited via buyout for $30,000 / $30.00 per share.",,,,,,,2023-12-12,30.0,30000.0,buyout
rally-93daytona,93DAYTONA,1993 Rolex Zenith Daytona Inverted 6,watches,rolex,,,2020-09-01,21.0,2000,,,,1.0,0.5,trading,active,none,none,,,,,,,,,,,,,,,Currently trading. Submitted offering_date was 2020-09.,,,,,,,,,,
rally-aghowl,AGHOWL,Allen Ginsberg - Howl and Other Poems (Inscribed First Edition),books,rare books,,,2020-03-01,38.0,500,,,,1.0,0.5,trading,active,none,none,,,,,,,,,,,,,,,Currently trading. Submitted offering_date was 2020-03.,,,,,,,,,,
rally-alice,ALICE,Lewis Carroll - Alice's Adventures in Wonderland (First Edition),books,rare books,,,2020-09-01,1.0,12000,,,,1.0,0.5,trading,active,none,none,,,,,,,,,,,,,,,Currently trading. Submitted offering_date was 2020-09.,,,,,,,,,,
rally-anmlfarm,ANMLFARM,George Orwell - Animal Farm (First Edition),books,rare books,,,2020-11-01,10.0,1000,,,,1.0,0.5,trading,active,none,none,,,,,,,,,,,,,,,Currently trading. Submitted offering_date was 2020-11.,,,,,,,,,,
rally-aproak,APROAK,Audemars Piguet Royal Oak,watches,audemars piguet,,,2019-12-01,75.0,1000,,,,1.0,0.5,exited,inactive,buyout,completed,2021-06-30,,,,,,,,,,,,,,"Exited via buyout for $110,000 / $110.00 per share; Q2 2021 retains intra-quarter secondary observation separately.",,,,,,,2021-06-30,110.0,110000.0,buyout
rally-baro,BARO,Barosaurus Skeleton,fossils,barosaurus,,,2025-09-01,62.5,200000,,,,1.0,0.5,exited,inactive,other_exit,completed,,,,,,,,,,,,,,,Offering complete. Will not trade on Rally. Submitted offering_date was 2025-09.,,,,,,,,,,
rally-birkinblu,BIRKINBLU,Hermès 25cm Blue Lizard Birkin,handbags,birkin_lizard,,,2019-11-01,58.0,1000,,,,1.0,0.5,exited,inactive,buyout,completed,2025-04-10,,,,,,,,,,,,,,Exited via buyout. Submitted offering_date was 2019-11.,,,,,,,2025-04-10,68.0,68000.0,buyout
rally-birkinbor,BIRKINBOR,Hermès 35cm Bordeaux Crocodile Birkin,handbags,birkin_crocodile,,,2020-02-01,26.25,2000,,,,1.0,0.5,trading,active,none,none,,,,,,,,,,,,,,,Currently trading. Submitted offering_date was 2020-02.,,,,,,,,,,
rally-birkintan,BIRKINTAN,Hermès 30cm Tangerine Ostrich Birkin,handbags,birkin_ostrich,,,2020-06-01,28.0,1000,,,,1.0,0.5,trading,active,none,none,,,,,,,,,,,,,,,Currently trading. Submitted offering_date was 2020-06.,,,,,,,,,,
rally-bond1,BOND1,Ian Fleming - Casino Royale (First Edition),books,rare books,,,2020-06-01,39.0,1000,,,,1.0,0.5,trading,active,none,none,,,,,,,,,,,,,,,Currently trading. Submitted offering_date was 2020-06.,,,,,,,,,,
rally-bondwatch,BONDWATCH,Pierce Brosnan Omega Seamaster James Bond Film-Worn Watch,watches,omega,,,2022-01-01,4.0,20000,,,,1.0,0.5,trading,active,none,none,,,,,,,,,,,,,,,Film-worn James Bond watch. Submitted offering_date was 2022-01.,,,,,,,,,,
rally-bradbury,BRADBURY,Ray Bradbury - Fahrenheit 451 (Signed First Edition),books,rare books,,,2022-02-01,9.0,2000,,,,1.0,0.5,trading,active,none,none,,,,,,,,,,,,,,,Currently trading. Submitted offering_date was 2022-02.,,,,,,,,,,
rally-brosgrimm,BROSGRIMM,Grimms' Fairy Tales (Inscribed),books,rare books,,,2021-05-01,27.0,5000,,,,1.0,0.5,trading,active,none,none,,,,,,,,,,,,,,,Currently trading. Submitted offering_date was 2021-05.,,,,,,,,,,
rally-churchill,CHURCHILL,Winston Churchill - The Second World War (Signed First Edition),books,rare books,,,2020-07-01,1.0,7500,,,,1.0,0.5,trading,active,none,none,,,,,,,,,,,,,,,Currently trading. Submitted offering_date was 2020-07.,,,,,,,,,,
rally-congress,CONGRESS,Journals of the Continental Congress (1774–1775),books,rare books,,,2021-07-01,24.0,5000,,,,1.0,0.5,trading,active,none,none,,,,,,,,,,,,,,,Currently trading. Submitted offering_date was 2021-07.,,,,,,,,,,
rally-deaton,DEATON,Deaton Triceratops Skull,fossils,triceratops,,,2021-01-01,25.0,11400,,,,1.0,0.5,exit_pending,halted,other_exit,pending,,,,,,,,,,,,,,,"Pending buyout vote in progress; proposed $600,000 / $52.63 per share offer has not been approved or completed. Last secondary close before pending vote was $23.75/share ($270,750 market cap). Submitted offering_date was 2021-01.",,,,,,,,,,
rally-dimaggio2,DIMAGGIO2,DiMaggio 2 Watch,watches,,,,2020-11-01,10.5,2000,,,,1.0,0.5,trading,active,none,none,,,,,,,,,,,,,,,Exact watch model not yet recorded. Submitted offering_date was 2020-11.,,,,,,,,,,
rally-dominos,DOMINOS,Domino's Pizza Special Edition Rolex Air-King,watches,rolex,,,2021-01-01,5.5,2000,,,,1.0,0.5,trading,active,none,none,,,,,,,,,,,,,,,Currently trading. Submitted offering_date was 2021-01.,,,,,,,,,,
rally-dune,DUNE,Frank Herbert - Dune (Inscribed First Edition),books,rare books,,,2020-12-01,13.25,1000,,,,1.0,0.5,trading,active,none,none,,,,,,,,,,,,,,,Currently trading. Submitted offering_date was 2020-12.,,,,,,,,,,
rally-faubourg,FAUBOURG,Hermès Faubourg,handbags,faubourg,,,2020-09-01,75.0,2000,,,,1.0,0.5,exited,inactive,buyout,completed,2023-05-30,,,,,,,,,,,,,,"Exited via buyout for $175,000 / $87.50 per share.",,,,,,,2023-05-30,87.5,175000.0,buyout
rally-faubourg2,FAUBOURG2,Hermès Faubourg 2,handbags,faubourg,,,2021-01-01,15.0,11000,,,,1.0,0.5,exited,inactive,buyout,completed,2025-01-06,,,,,,,,,,,,,,Exited via buyout. Submitted offering_date was 2021-01.,,,,,,,2025-01-06,16.5,181500.0,buyout
rally-frost,FROST,Robert Frost - A Boy's Will (First Edition),books,rare books,,,2019-11-01,67.5,200,,,,1.0,0.5,trading,active,none,none,,,,,,,,,,,,,,,Currently trading. Submitted offering_date was 2019-11.,,,,,,,,,,
rally-gatsby,GATSBY,The Great Gatsby (Signed First Edition),books,rare books,,,2020-09-01,50.0,4000,,,,1.0,0.5,trading,active,none,none,,,,,,,,,,,,,,,Currently trading. Submitted offering_date was 2020-09.,,,,,,,,,,
rally-gmtblack1,GMTBLACK1,1983 Rolex GMT-Master Nipple Dial,watches,rolex,,,2020-06-01,28.0,1000,,,,1.0,0.5,trading,active,none,none,,,,,,,,,,,,,,,Currently trading. Submitted offering_date was 2020-06.,,,,,,,,,,
rally-grapes,GRAPES,John Steinbeck - The Grapes of Wrath (Inscribed First Edition),books,rare books,,,2020-12-01,19.5,2000,,,,1.0,0.5,trading,active,none,none,,,,,,,,,,,,,,,Currently trading. Submitted offering_date was 2020-12.,,,,,,,,,,
rally-gwtw,GWTW,Gone with the Wind (Inscribed First Printing),books,rare books,,,2022-02-01,5.0,5000,,,,1.0,0.5,trading,active,none,none,,,,,,,,,,,,,,,Currently trading. Submitted offering_date was 2022-02.,,,,,,,,,,
rally-hgwells,HGWELLS,H.G. Wells - The Time Machine (Inscribed First Edition),books,rare books,,,2021-06-01,6.2,7500,,,,1.0,0.5,trading,active,none,none,,,,,,,,,,,,,,,Currently trading. Submitted offering_date was 2021-06.,,,,,,,,,,
rally-himalaya,HIMALAYA,Hermès 30cm Himalaya Birkin,handbags,birkin_himalaya,,,2020-05-01,70.0,2000,,,,1.0,0.5,trading,active,none,none,,,,,,,,,,,,,,,Currently trading. Submitted offering_date was 2020-05.,,,,,,,,,,
rally-holmes,HOLMES,Arthur Conan Doyle - Adventures & Memoirs of Sherlock Holmes,books,rare books,,,2021-12-01,10.0,2500,,,,1.0,0.5,trading,active,none,none,,,,,,,,,,,,,,,Currently trading. Submitted offering_date was 2021-12.,,,,,,,,,,
rally-huckfinn,HUCKFINN,Mark Twain - Adventures of Huckleberry Finn (First Edition),books,rare books,,,2021-04-01,11.0,2000,,,,1.0,0.5,trading,active,none,none,,,,,,,,,,,,,,,Currently trading. Submitted offering_date was 2021-04.,,,,,,,,,,
rally-irobot,IROBOT,"Isaac Asimov - I, Robot (First Edition)",books,rare books,,,2022-01-01,8.0,1000,,,,1.0,0.5,trading,active,none,none,,,,,,,,,,,,,,,Currently trading. Submitted offering_date was 2022-01.,,,,,,,,,,
rally-jekyll,JEKYLL,Dr. Jekyll and Mr. Hyde (First Edition),books,rare books,,,2022-08-01,4.0,5000,,,,1.0,0.5,trading,active,none,none,,,,,,,,,,,,,,,Currently trading. Submitted offering_date was 2022-08.,,,,,,,,,,
rally-karuizawa,KARUIZAWA,Karuizawa Aqua of Life 50-Year-Old Whisky,wine and whiskey,japanese whisky,,,2021-11-01,5.0,13000,,,,1.0,0.5,trading,active,none,none,,,,,,,,,,,,,,,Currently trading. Submitted offering_date was 2021-11.,,,,,,,,,,
rally-keller,KELLER,Helen Keller 1892 Book (Inscribed),books,rare books,,,2022-03-01,5.0,3000,,,,1.0,0.5,trading,active,none,none,,,,,,,,,,,,,,,Currently trading. Submitted offering_date was 2022-03.,,,,,,,,,,
rally-kerouac,KEROUAC,Jack Kerouac - On the Road (Signed First Edition),books,rare books,,,2020-12-01,20.0,4900,,,,1.0,0.5,trading,active,none,none,,,,,,,,,,,,,,,Currently trading. Submitted offering_date was 2020-12.,,,,,,,,,,
rally-lotf,LOTF,William Golding - Lord of the Flies (First Edition),books,rare books,,,2022-03-01,7.0,2000,,,,1.0,0.5,trading,active,none,none,,,,,,,,,,,,,,,Currently trading. Submitted offering_date was 2022-03.,,,,,,,,,,
rally-lotr,LOTR,J.R.R. Tolkien - The Lord of the Rings Trilogy (First Edition),books,rare books,,,2020-06-01,29.0,1000,,,,1.0,0.5,trading,active,none,none,,,,,,,,,,,,,,,Currently trading. Submitted offering_date was 2020-06.,,,,,,,,,,
rally-macallan1,MACALLAN1,Macallan 30-Year-Old Blue Label Scotch Whisky,wine and whiskey,scotch whisky,,,2021-11-01,13.25,1000,,,,1.0,0.5,trading,active,none,none,,,,,,,,,,,,,,,Currently trading. Submitted offering_date was 2021-11.,,,,,,,,,,
rally-macallan2,MACALLAN2,Macallan 40-Year-Old Whisky,wine and whiskey,scotch whisky,,,2022-02-01,6.0,5000,,,,1.0,0.5,trading,active,none,none,,,,,,,,,,,,,,,Currently trading. Submitted offering_date was 2022-02.,,,,,,,,,,
rally-macallan3,MACALLAN3,1938 Macallan Red Ribbon Whisky,wine and whiskey,scotch whisky,,,2022-07-01,5.0,4100,,,,1.0,0.5,trading,active,none,none,,,,,,,,,,,,,,,Currently trading. Submitted offering_date was 2022-07.,,,,,,,,,,
rally-marx,MARX,Karl Marx - Das Kapital (First Edition),books,rare books,,,2021-10-01,15.0,8000,,,,1.0,0.5,trading,active,none,none,,,,,,,,,,,,,,,Currently trading. Submitted offering_date was 2021-10.,,,,,,,,,,
rally-megalodon,MEGALODON,Megalodon Fossil,fossils,shark,,,2021-10-01,20.0,30000,,,,1.0,0.5,trading,active,none,none,,,,,,,,,,,,,,,Currently trading. Submitted offering_date was 2021-10.,,,,,,,,,,
rally-mobydick,MOBYDICK,Herman Melville - Moby-Dick (First Edition),books,rare books,,,2022-01-01,7.0,10000,,,,1.0,0.5,trading,active,none,none,,,,,,,,,,,,,,,Currently trading. Submitted offering_date was 2022-01.,,,,,,,,,,
rally-mosasaur,MOSASAUR,Mosasaur,fossils,mosasaur,,,2021-02-01,5.0,6000,,,,1.0,0.5,trading,active,none,none,,,,,,,,,,,,,,,Currently trading. Quarterly history imported. Submitted offering_date was 2021-02.,,,,,,,,,,
rally-newton,NEWTON,Isaac Newton - Principia (First Edition),books,rare books,,,2021-05-01,10.0,30000,,,,1.0,0.5,trading,active,none,none,,,,,,,,,,,,,,,Currently trading. Submitted offering_date was 2021-05.,,,,,,,,,,
rally-newworld,NEWWORLD,Aldous Huxley - Brave New World (First Edition),books,rare books,,,2022-01-01,7.0,2000,,,,1.0,0.5,trading,active,none,none,,,,,,,,,,,,,,,Currently trading. Submitted offering_date was 2022-01.,,,,,,,,,,
rally-pappy1,PAPPY1,Pappy Van Winkle Bourbon Assortment,wine and whiskey,bourbon,,,2022-08-01,7.0,2000,,,,1.0,0.5,trading,active,none,none,,,,,,,,,,,,,,,Currently trading. Submitted offering_date was 2022-08.,,,,,,,,,,
rally-picnic,PICNIC,Hermès 35cm Picnic Kelly,handbags,kelly_picnic,,,2020-12-01,27.0,2000,,,,1.0,0.5,trading,active,none,none,,,,,,,,,,,,,,,Currently trading. Submitted offering_date was 2020-12.,,,,,,,,,,
rally-rabbit,RABBIT,The Tale of Peter Rabbit (First Edition),books,rare books,,,2022-08-01,4.6,10000,,,,1.0,0.5,trading,active,none,none,,,,,,,,,,,,,,,Currently trading. Submitted offering_date was 2022-08.,,,,,,,,,,
rally-riviera,RIVIERA,1965 Rolex 1601 Datejust Joyera Riviera,watches,rolex,,,2021-04-01,5.0,6000,,,,1.0,0.5,trading,active,none,none,,,,,,,,,,,,,,,Currently trading. Submitted offering_date was 2021-04.,,,,,,,,,,
rally-rlexpepsi,RLEXPEPSI,Rolex GMT-Master II Pepsi Jubilee,watches,rolex,,,2019-11-01,8.9,2000,,,,1.0,0.5,trading,active,none,none,,,,,,,,,,,,,,,Currently trading. Submitted offering_date was 2019-11.,,,,,,,,,,
rally-roosevelt,ROOSEVELT,Theodore Roosevelt - African Game Trails (Signed First Edition),books,rare books,,,2020-03-01,19.5,1000,,,,1.0,0.5,trading,active,none,none,,,,,,,,,,,,,,,Currently trading. Submitted offering_date was 2020-03.,,,,,,,,,,
rally-shkspr4,SHKSPR4,"Shakespeare - Comedies, Histories & Tragedies",books,rare books,,,2020-07-01,115.0,1000,,,,1.0,0.5,trading,active,none,none,,,,,,,,,,,,,,,Currently trading. Submitted offering_date was 2020-07.,,,,,,,,,,
rally-smurf,SMURF,Rolex Submariner Smurf,watches,rolex,,,2019-11-01,17.25,2000,,,,1.0,0.5,trading,active,none,none,,,,,,,,,,,,,,,Currently trading. Submitted offering_date was 2019-11.,,,,,,,,,,
rally-snoopy,SNOOPY,Omega Speedmaster Silver Snoopy,watches,omega,,,2020-04-01,12.75,2000,,,,1.0,0.5,trading,active,none,none,,,,,,,,,,,,,,,Currently trading. Submitted offering_date was 2020-04.,,,,,,,,,,
rally-soblack,SOBLACK,Hermès 30cm So Black Birkin,handbags,birkin_so_black,,,2020-09-01,56.0,1000,,,,1.0,0.5,trading,active,none,none,,,,,,,,,,,,,,,Currently trading. Submitted offering_date was 2020-09.,,,,,,,,,,
rally-steg,STEG,BCQ-24 Stegosaurus Skeleton,fossils,stegosaurus,,,2024-12-01,68.75,200000,,,,1.0,0.5,exited,inactive,other_exit,completed,,,,,,,,,,,,,,,Offering complete. Will not trade on Rally. Submitted offering_date was 2024-12.,,,,,,,,,,
rally-tkam,TKAM,Harper Lee - To Kill a Mockingbird (Signed First Edition),books,rare books,,,2020-10-01,16.0,2000,,,,1.0,0.5,trading,active,none,none,,,,,,,,,,,,,,,Currently trading. Submitted offering_date was 2020-10.,,,,,,,,,,
rally-tornek,TORNEK,Tornek-Rayville TR-900,watches,tornek-rayville,,,2020-11-01,5.0,33000,,,,1.0,0.5,trading,active,none,none,,,,,,,,,,,,,,,Currently trading. Submitted offering_date was 2020-11.,,,,,,,,,,
rally-treasure,TREASURE,Treasure Island (First Edition),books,rare books,,,2022-05-01,5.0,4500,,,,1.0,0.5,trading,active,none,none,,,,,,,,,,,,,,,Currently trading. Submitted offering_date was 2022-05.,,,,,,,,,,
rally-twocities,TWOCITIES,Charles Dickens - A Tale of Two Cities (First Edition),books,rare books,,,2019-11-01,72.5,200,,,,1.0,0.5,trading,active,none,none,,,,,,,,,,,,,,,Currently trading. Submitted offering_date was 2019-11.,,,,,,,,,,
rally-ulysses,ULYSSES,James Joyce - Ulysses (Matisse Signed),books,rare books,,,2020-03-01,51.0,500,,,,1.0,0.5,trading,active,none,none,,,,,,,,,,,,,,,Currently trading. Submitted offering_date was 2020-03.,,,,,,,,,,
rally-walden,WALDEN,Henry David Thoreau - Walden (First Edition),books,rare books,,,2021-05-01,10.25,2000,,,,1.0,0.5,trading,active,none,none,,,,,,,,,,,,,,,Currently trading. Submitted offering_date was 2021-05.,,,,,,,,,,
rally-wildthing,WILDTHING,Where the Wild Things Are (Inscribed First Edition),books,rare books,,,2021-10-01,9.0,2000,,,,1.0,0.5,trading,active,none,none,,,,,,,,,,,,,,,Currently trading. Submitted offering_date was 2021-10.,,,,,,,,,,
rally-wzrdofoz,WZRDOFOZ,The Wonderful Wizard of Oz (First Edition),books,rare books,,,2021-04-01,15.0,6000,,,,1.0,0.5,trading,active,none,none,,,,,,,,,,,,,,,Currently trading. Submitted offering_date was 2021-04.,,,,,,,,,,
rally-yoko,YOKO,Yoko Ono - Grapefruit (Signed First Edition),books,rare books,,,2020-05-01,80.0,200,,,,1.0,0.5,trading,active,none,none,,,,,,,,,,,,,,,Currently trading. Submitted offering_date was 2020-05.,,,,,,,,,,
rally-93xj1,93XJ1,1993 Jaguar XJ220,cars,classic cars,,,2018-08-01,99.0,5000,,,,1.0,0.5,trading,active,none,none,,,,,,,,,,,,,,,Currently trading. Submitted offering_date was 2018-08.,,,,,,,,,,
rally-83fb1,83FB1,1983 Ferrari 512 BBi,cars,classic cars,,,2018-07-01,70.0,5000,,,,1.0,0.5,trading,active,none,none,,,,,,,,,,,,,,,Currently trading. Submitted offering_date was 2018-07.,,,,,,,,,,
rally-63cc1,63CC1,1963 Chevrolet Corvette Split Window,cars,classic cars,,,2019-03-01,63.0,2000,,,,1.0,0.5,buyout_pending,halted,buyout_offer,pending,,2026-07-31T00:00:00Z,,60.44,120880.0,69.0,2026-06-29,-0.1240579710144927,,,,,,Pending offer metadata; not an executed trade or realized exit.,Currently trading. Submitted offering_date was 2019-03.,,,,,,,,,,
rally-65fm1,65FM1,1965 Mustang Fastback,cars,classic cars,,,2019-05-01,41.25,2000,,,,1.0,0.5,trading,active,none,none,,,,,,,,,,,,,,,Currently trading. Submitted offering_date was 2019-05.,,,,,,,,,,
rally-55ps1,55PS1,1955 Porsche 356 Speedster,cars,classic cars,,,2018-03-01,212.5,2000,,,,1.0,0.5,trading,active,none,none,,,,,,,,,,,,,,,Currently trading. Submitted offering_date was 2018-03.,,,,,,,,,,
rally-65ag1,65AG1,1965 Alfa Romeo Giulia SS,cars,classic cars,,,2019-04-01,89.25,2000,,,,1.0,0.5,trading,active,none,none,,,,,,,,,,,,,,,Currently trading. Submitted offering_date was 2019-04.,,,,,,,,,,
rally-82av1,82AV1,1982 Aston Martin V8 Vantage Oscar India,cars,classic cars,,,2021-12-01,20.0,14875,,,,1.0,0.5,trading,active,none,none,,,,,,,,,,,,,,,Currently trading. Submitted offering_date was 2021-12.,,,,,,,,,,
rally-94fs1,94FS1,1994 Ferrari 348 Spider,cars,classic cars,,,2019-09-01,72.5,2000,,,,1.0,0.5,buyout_pending,halted,buyout_offer,pending,,2026-07-31T00:00:00Z,,87.0,174000.0,58.0,2026-06-24,0.5,,,,,,Pending offer metadata; not an executed trade or realized exit.,Currently trading. Submitted offering_date was 2019-09.,,,,,,,,,,
rally-94dv1,94DV1,1994 Dodge Viper RT/10,cars,classic cars,,,2018-12-01,28.75,2000,,,,1.0,0.5,buyout_pending,halted,buyout_offer,pending,,2026-07-31T00:00:00Z,,31.5,63000.0,30.0,2026-06-29,0.05,,,,,,Pending offer metadata; not an executed trade or realized exit.,Currently trading. Submitted offering_date was 2018-12.,,,,,,,,,,
rally-99ss1,99SS1,1999 Shelby Series 1,cars,classic cars,,,2019-09-01,137.5,1000,,,,1.0,0.5,buyout_pending,halted,buyout_offer,pending,,2026-07-31T00:00:00Z,,165.5,165500.0,165.0,2026-06-23,0.0030303030303029,22.0,77.0,0.5,2026-07-31T00:00:00Z,True,"User-observed approximate, provisional, non-final vote snapshot; Advisory Decide approximately 0.5%. Not used in index calculations.",Currently trading. Submitted offering_date was 2019-09.,,,,,,,,,,
rally-69bm1,69BM1,1969 Boss 302 Mustang,cars,classic cars,,,2017-11-01,57.5,2000,,,,1.0,0.5,trading,active,none,none,,,,,,,,,,,,,,,Currently trading. Submitted offering_date was 2017-11.,,,,,,,,,,
rally-92ld1,92LD1,1992 Lancia Delta Martini 5,cars,classic cars,,,2018-12-01,55.0,3000,,,,1.0,0.5,trading,active,none,none,,,,,,,,,,,,,,,Currently trading. Submitted offering_date was 2018-12.,,,,,,,,,,
rally-92cc1,92CC1,1992 Chevrolet Corvette ZR-1,cars,classic cars,,,2019-09-01,26.25,2000,,,,1.0,0.5,trading,active,none,none,,,,,,,,,,,,,,,Currently trading. Submitted offering_date was 2019-09.,,,,,,,,,,
rally-61je1,61JE1,1961 Jaguar E-Type,cars,classic cars,,,2019-04-01,82.0,3000,,,,1.0,0.5,trading,active,none,none,,,,,,,,,,,,,,,Currently trading. Submitted offering_date was 2019-04.,,,,,,,,,,
rally-61mg1,61MG1,1961 Maserati 3500 GT,cars,classic cars,,,2019-09-01,68.0,5000,,,,1.0,0.5,trading,active,none,none,,,,,,,,,,,,,,,Currently trading. Submitted offering_date was 2019-09.,,,,,,,,,,
rally-72mc1,72MC1,1972 Mazda Cosmo Sport,cars,classic cars,,,2018-12-01,62.25,2000,,,,1.0,0.5,trading,active,none,none,,,,,,,,,,,,,,,Currently trading. Submitted offering_date was 2018-12.,,,,,,,,,,
rally-91mv1,91MV1,1991 Mitsubishi 3000GT VR-4,cars,classic cars,,,2018-11-01,19.0,2000,,,,1.0,0.5,buyout_pending,halted,buyout_offer,pending,,2026-07-31T00:00:00Z,,20.0,40000.0,18.0,2026-06-29,0.1111111111111111,,,,,,Pending offer metadata; not an executed trade or realized exit.,Currently trading. Submitted offering_date was 2018-11.,,,,,,,,,,
rally-75ra1,75RA1,1975 Renault Alpine A110,cars,classic cars,,,2019-03-01,28.0,3000,,,,1.0,0.5,trading,active,none,none,,,,,,,,,,,,,,,Currently trading. Submitted offering_date was 2019-03.,,,,,,,,,,
rally-77le1,77LE1,1977 Lotus Esprit S1,cars,classic cars,,,2016-11-01,38.85,2000,,,,1.0,0.5,trading,active,none,none,,,,,,,,,,,,,,,Currently trading. Submitted offering_date was 2016-11.,,,,,,,,,,
rally-11bm1,11BM1,2011 BMW 1M,cars,classic cars,,,2019-01-01,42.0,2000,,,,1.0,0.5,trading,active,none,none,,,,,,,,,,,,,,,Currently trading. Submitted offering_date was 2019-01.,,,,,,,,,,
rally-catcher,CATCHER,J.D. Salinger's The Catcher in the Rye,books,rare books,,,2020-06-01,25.0,500,,,,1.0,0.5,exited,inactive,other_exit,completed,2026-07-20,,,,,,,,,,,,,,Exited Books asset; no quarterly price observations added.,,,,,,,2026-07-20,27.95,13975.0,other
rally-einstein,EINSTEIN,"Albert Einstein's Philosopher-Scientist, Signed First Edition",books,rare books,,,2019-12-01,7.25,2000,,,,1.0,0.5,exited,inactive,other_exit,completed,2026-02-09,,,,,,,,,,,,,,Exited Books asset; no quarterly price observations added.,,,,,,,2026-02-09,8.27,16540.0,other
rally-federal,FEDERAL,"Hamilton, Madison, and Jay's The Federalist, First Edition",books,rare books,,,2021-01-01,15.0,10000,,,,1.0,0.5,exited,inactive,other_exit,completed,2024-09-19,,,,,,,,,,,,,,Exited Books asset; no quarterly price observations added.,,,,,,,2024-09-19,19.5,195000.0,other
rally-hobbit,HOBBIT,"J.R.R. Tolkien's The Hobbit, First Edition",books,rare books,,,2021-12-01,8.0,10000,,,,1.0,0.5,exited,inactive,other_exit,completed,2024-11-13,,,,,,,,,,,,,,Exited Books asset; no quarterly price observations added.,,,,,,,2024-11-13,9.0,90000.0,other
rally-potter,POTTER,J.K. Rowling's Harry Potter and the Philosopher's Stone,books,rare books,,,2019-11-01,24.0,3000,,,,1.0,0.5,exited,inactive,other_exit,completed,2024-02-13,,,,,,,,,,,,,,Exited Books asset; no quarterly price observations added. Exact total exit value is authoritative; per-share exit price is derived from it.,,,,,,,2024-02-13,44.16666666666666,132500.0,other
rally-warhol1,WARHOL1,"1967 Andy Warhol Marilyn Monroe Print, Signed",art,art,,,2022-05-01,10.0,17000,,,,1.0,0.5,trading,active,none,none,,,,,,,,,,,,,,,Currently trading. Submitted offering_date was 2022-05. No price history has been ingested.,,,,,,,,,,
rally-grateful1,GRATEFUL1,1966 Grateful Dead Skeleton and Roses Poster,art,art,,,2022-10-01,10.0,12500,,,,1.0,0.5,trading,active,none,none,,,,,,,,,,,,,,,Currently trading. Submitted offering_date was 2022-10. No price history has been ingested.,,,,,,,,,,
rally-warhol2,WARHOL2,"1969 Andy Warhol Campbell’s Soup Print, Signed",art,art,,,2022-07-01,10.0,6500,,,,1.0,0.5,trading,active,none,none,,,,,,,,,,,,,,,Currently trading. Submitted offering_date was 2022-07. No price history has been ingested.,,,,,,,,,,
rally-sachs1,SACHS1,Tom Sachs Rocket Factory “Game Changer”,art,art,,,2022-05-01,10.0,2150,,,,1.0,0.5,trading,active,none,none,,,,,,,,,,,,,,,Currently trading. Submitted offering_date was 2022-05. No price history has been ingested.,,,,,,,,,,
rally-andypele,ANDYPELE,1977 Andy Warhol Pelé Polaroid,art,art,,,2022-08-01,4.0,6500,,,,1.0,0.5,trading,active,none,none,,,,,,,,,,,,,,,Currently trading. Submitted offering_date was 2022-08. No price history has been ingested.,,,,,,,,,,
rally-hirst1,HIRST1,"Damien Hirst, The Currency, Painting",art,art,,,2022-03-01,4.0,5000,,,,1.0,0.5,trading,active,none,none,,,,,,,,,,,,,,,Currently trading. Submitted offering_date was 2022-03. No price history has been ingested.,,,,,,,,,,
rally-gold1,GOLD1,172 GM Gold Nugget,precious minerals,precious minerals,,,2022-04-01,4.0,4000,,,,1.0,0.5,trading,active,none,none,,,,,,,,,,,,,,,Alaska gold nugget weighing 172 grams. Currently trading. Submitted offering_date was 2022-04. No price history has been ingested.,,,,,,,,,,
rally-meteorite,METEORITE,Lunar Meteorite,precious minerals,meteorites,,,2021-08-01,20.0,17500,,,,1.0,0.5,trading,active,none,none,,,,,,,,,,,,,,,Lunar meteorite. Currently trading. Submitted offering_date was 2021-08. No price history has been ingested.,,,,,,,,,,
rally-1857coin,1857COIN,1857 “Ship of Gold” Coin,coins,coins,,,2022-08-01,5.0,5000,,,,1.0,0.5,trading,active,none,none,,,,,,,,,,,,,,,Rare 1857-S $20 gold coin salvaged from the SS Central America. Currently trading. Submitted offering_date was 2022-08. No price history has been ingested.,,,,,,,,,,
rally-justinian,JUSTINIAN,First Depiction of Christ on a Coin,coins,ancient coins,,,2021-12-01,9.0,2000,,,,1.0,0.5,trading,active,none,none,,,,,,,,,,,,,,,Coin dated to approximately 695 AD featuring the first depiction of Christ on a coin. Currently trading. Submitted offering_date was 2021-12. No price history has been ingested.,,,,,,,,,,
rally-croesus,CROESUS,561–546 BC First Gold Coin,coins,ancient coins,,,2022-07-01,8.0,8000,,,,1.0,0.5,trading,active,none,none,,,,,,,,,,,,,,,Ancient Lydian gold coin associated with King Croesus and the early development of gold coinage. Currently trading. Submitted offering_date was 2022-07. No price history has been ingested.,,,,,,,,,,
rally-super21,SUPER21,1943 DC Comics Superman #21,comics,comics,,,2020-05-01,1.0,8500,,,,1.0,0.5,trading,active,none,none,,,,,,,,,,,,,,,Submitted offering_date was 2020-05. No Comics price history has been ingested.,Superman #21,,DC Comics,1943.0,21.0,,,,,
rally-batman3,BATMAN3,1940 DC Comics Batman #3,comics,comics,,,2020-02-01,78.0,1000,,,,1.0,0.5,trading,active,none,none,,,,,,,,,,,,,,,Submitted offering_date was 2020-02. No Comics price history has been ingested.,Batman #3,,DC Comics,1940.0,3.0,,,,,
rally-starwars1,STARWARS1,1977 Marvel Star Wars #1,comics,comics,,,2020-07-01,1.0,12000,,,,1.0,0.5,trading,active,none,none,,,,,,,,,,,,,,,Submitted offering_date was 2020-07. No Comics price history has been ingested.,Star Wars #1,,Marvel,1977.0,1.0,,,,,
rally-avengers57,AVENGERS57,1968 Marvel The Avengers #57,comics,comics,,,2020-12-01,1.0,20000,,,,1.0,0.5,trading,active,none,none,,,,,,,,,,,,,,,Submitted offering_date was 2020-12. No Comics price history has been ingested.,The Avengers #57,,Marvel,1968.0,57.0,,,,,
rally-fan45,FAN45,1962 Marvel Fantastic Four #5,comics,comics,,,2021-03-01,8.0,10000,,,,1.0,0.5,trading,active,none,none,,,,,,,,,,,,,,,First appearance of Doctor Doom. Submitted offering_date was 2021-03. No Comics price history has been ingested.,Fantastic Four #5,First appearance of Doctor Doom,Marvel,1962.0,5.0,,,,,
rally-batman2,BATMAN2,1940 DC Comics Batman #2,comics,comics,,,2021-05-01,10.0,8500,,,,1.0,0.5,trading,active,none,none,,,,,,,,,,,,,,,Submitted offering_date was 2021-05. No Comics price history has been ingested.,Batman #2,,DC Comics,1940.0,2.0,,,,,
rally-spider1,SPIDER1,1963 Marvel The Amazing Spider-Man #1,comics,comics,,,2020-02-01,22.0,1000,,,,1.0,0.5,trading,active,none,none,,,,,,,,,,,,,,,Submitted offering_date was 2020-02. No Comics price history has been ingested.,The Amazing Spider-Man #1,,Marvel,1963.0,1.0,,,,,
rally-batman181,BATMAN181,1966 DC Comics Batman #181,comics,comics,,,2021-12-01,10.0,5000,,,,1.0,0.5,trading,active,none,none,,,,,,,,,,,,,,,First appearance of Poison Ivy. Submitted offering_date was 2021-12. No Comics price history has been ingested.,Batman #181,First appearance of Poison Ivy,DC Comics,1966.0,181.0,,,,,
rally-penguin,PENGUIN,1941 DC Comics Detective Comics #58,comics,comics,,,2021-11-01,6.0,10000,,,,1.0,0.5,trading,active,none,none,,,,,,,,,,,,,,,First appearance of the Penguin. Submitted offering_date was 2021-11. No Comics price history has been ingested.,Detective Comics #58,First appearance of the Penguin,DC Comics,1941.0,58.0,,,,,
rally-surfer4,SURFER4,1968 Marvel Silver Surfer #4,comics,comics,,,2021-11-01,8.0,10000,,,,1.0,0.5,trading,active,none,none,,,,,,,,,,,,,,,Silver Surfer battles Thor. Submitted offering_date was 2021-11. No Comics price history has been ingested.,Silver Surfer #4,Silver Surfer battles Thor,Marvel,1968.0,4.0,,,,,
rally-spider129,SPIDER129,1974 Marvel The Amazing Spider-Man #129,comics,comics,,,2021-10-01,4.0,10000,,,,1.0,0.5,trading,active,none,none,,,,,,,,,,,,,,,First appearance of the Punisher. Submitted offering_date was 2021-10. No Comics price history has been ingested.,The Amazing Spider-Man #129,First appearance of the Punisher,Marvel,1974.0,129.0,,,,,
rally-showcase4,SHOWCASE4,1956 DC Comics Showcase #4,comics,comics,,,2022-01-01,7.0,11000,,,,1.0,0.5,trading,active,none,none,,,,,,,,,,,,,,,First appearance of the Silver Age Flash. Submitted offering_date was 2022-01. No Comics price history has been ingested.,Showcase #4,First appearance of the Silver Age Flash,DC Comics,1956.0,4.0,,,,,
rally-hulk180,HULK180,1974 Marvel The Incredible Hulk #180,comics,comics,,,2021-12-01,4.2,10000,,,,1.0,0.5,trading,active,none,none,,,,,,,,,,,,,,,First cameo appearance of Wolverine. Submitted offering_date was 2021-12. No Comics price history has been ingested.,The Incredible Hulk #180,First cameo appearance of Wolverine,Marvel,1974.0,180.0,,,,,
rally-59flash,59FLASH,1959 DC Comics The Flash #105,comics,comics,,,2021-01-01,6.5,10000,,,,1.0,0.5,trading,active,none,none,,,,,,,,,,,,,,,Submitted offering_date was 2021-01. No Comics price history has been ingested.,The Flash #105,,DC Comics,1959.0,105.0,,,,,
rally-ac23,AC23,1940 DC Comics Action Comics #23,comics,comics,,,2021-05-01,7.0,4000,,,,1.0,0.5,trading,active,none,none,,,,,,,,,,,,,,,First appearance of Lex Luthor. Submitted offering_date was 2021-05. No Comics price history has been ingested.,Action Comics #23,First appearance of Lex Luthor,DC Comics,1940.0,23.0,,,,,
rally-spider10,SPIDER10,1964 Marvel The Amazing Spider-Man #10,comics,comics,,,2020-09-01,5.0,4200,,,,1.0,0.5,trading,active,none,none,,,,,,,,,,,,,,,Submitted offering_date was 2020-09. No Comics price history has been ingested.,The Amazing Spider-Man #10,,Marvel,1964.0,10.0,,,,,
rally-flash123,FLASH123,1961 DC Comics The Flash #123,comics,comics,,,2021-06-01,8.0,3625,,,,1.0,0.5,trading,active,none,none,,,,,,,,,,,,,,,Landmark multiverse story. Submitted offering_date was 2021-06. No Comics price history has been ingested.,The Flash #123,Landmark multiverse story,DC Comics,1961.0,123.0,,,,,
rally-xlxmen1,XLXMEN1,1975 Marvel Giant-Size X-Men #1,comics,comics,,,2021-08-01,8.0,8000,,,,1.0,0.5,trading,active,none,none,,,,,,,,,,,,,,,First appearance of the new X-Men team. Submitted offering_date was 2021-08. No Comics price history has been ingested.,Giant-Size X-Men #1,First appearance of the new X-Men team,Marvel,1975.0,1.0,,,,,
rally-xmen94,XMEN94,1975 Marvel X-Men #94,comics,comics,,,2021-08-01,6.5,10000,,,,1.0,0.5,trading,active,none,none,,,,,,,,,,,,,,,New X-Men team enters the title series. Submitted offering_date was 2021-08. No Comics price history has been ingested.,X-Men #94,New X-Men team enters the title series,Marvel,1975.0,94.0,,,,,
rally-dracula10,DRACULA10,1973 Marvel Tomb of Dracula #10,comics,comics,,,2022-08-01,10.0,4000,,,,1.0,0.5,trading,active,none,none,,,,,,,,,,,,,,,First appearance of Blade. Submitted offering_date was 2022-08. No Comics price history has been ingested.,Tomb of Dracula #10,First appearance of Blade,Marvel,1973.0,10.0,,,,,
rally-ghost1,GHOST1,1973 Marvel Ghost Rider #1,comics,comics,,,2021-10-01,7.0,2000,,,,1.0,0.5,trading,active,none,none,,,,,,,,,,,,,,,Submitted offering_date was 2021-10. No Comics price history has been ingested.,Ghost Rider #1,,Marvel,1973.0,1.0,,,,,
rally-captain3,CAPTAIN3,1941 Timely Comics Captain America Comics #3,comics,comics,,,2020-07-01,37.0,1000,,,,1.0,0.5,trading,active,none,none,,,,,,,,,,,,,,,Submitted offering_date was 2020-07. No Comics price history has been ingested.,Captain America Comics #3,,Timely Comics,1941.0,3.0,,,,,
rally-superman6,SUPERMAN6,1940 DC Comics Superman #6,comics,comics,,,2022-07-01,8.0,3000,,,,1.0,0.5,trading,active,none,none,,,,,,,,,,,,,,,Submitted offering_date was 2022-07. No Comics price history has been ingested.,Superman #6,,DC Comics,1940.0,6.0,,,,,
rally-batman6,BATMAN6,1941 DC Comics Batman #6,comics,comics,,,2020-10-01,13.5,2000,,,,1.0,0.5,buyout_pending,halted,buyout_offer,pending,,,,11.0,22000.0,,,,,,,,,Pending offer metadata only; not an executed trade or completed exit.,Submitted offering_date was 2020-10. No Comics price history has been ingested.,Batman #6,,DC Comics,1941.0,6.0,,,,,
rally-wolverine,WOLVERINE,1974 Marvel The Incredible Hulk #181,comics,comics,,,2021-01-01,9.5,5000,,,,1.0,0.5,buyout_pending,halted,buyout_offer,pending,,,,11.4,57000.0,,,,,,,,,Pending offer metadata only; not an executed trade or completed exit.,First full appearance of Wolverine. Submitted offering_date was 2021-01. No Comics price history has been ingested.,The Incredible Hulk #181,First full appearance of Wolverine,Marvel,1974.0,181.0,,,,,
rally-batman,BATMAN,"1940 DC Comics Batman #1, CGC 8.0",comics,comics,,,2022-12-01,10.0,180000,,,,1.0,0.5,exited,inactive,buyout,completed,,,,,,,,,,,,,,,Submitted offering_date was 2022-12. No Comics price history has been ingested.,"Batman #1, CGC 8.0",,DC Comics,1940.0,1.0,CGC 8.0,,11.11,2000000.0,buyout
rally-batman1,BATMAN1,"1940 DC Comics Batman #1, CGC 1.5",comics,comics,,,2020-06-01,71.0,1000,,,,1.0,0.5,exited,inactive,buyout,completed,,,,,,,,,,,,,,,Submitted offering_date was 2020-06. No Comics price history has been ingested.,"Batman #1, CGC 1.5",,DC Comics,1940.0,1.0,CGC 1.5,,103.95,103950.0,buyout
rally-justise1,JUSTISE1,1960 DC Comics Justice League of America #1,comics,comics,,,2020-11-01,43.0,5000,,,,1.0,0.5,exited,inactive,buyout,completed,,,,,,,,,,,,,,,Submitted offering_date was 2020-11. No Comics price history has been ingested.,Justice League of America #1,,DC Comics,1960.0,1.0,,,45.0,225000.0,buyout
rally-thor,THOR,1962 Marvel Journey into Mystery #83,comics,comics,,,2021-01-01,20.0,10750,,,,1.0,0.5,exited,inactive,buyout,completed,,,,,,,,,,,,,,,First appearance of Thor. Submitted offering_date was 2021-01. No Comics price history has been ingested.,Journey into Mystery #83,First appearance of Thor,Marvel,1962.0,83.0,,,24.28,261000.0,buyout
rally-tmnt1,TMNT1,1984 Teenage Mutant Ninja Turtles #1,comics,comics,,,2020-07-01,65.0,1000,,,,1.0,0.5,exited,inactive,buyout,completed,,,,,,,,,,,,,,,Submitted offering_date was 2020-07. No Comics price history has been ingested.,Teenage Mutant Ninja Turtles #1,,,1984.0,1.0,,,100.0,100000.0,buyout
rally-af15,AF15,1962 Marvel Amazing Fantasy #15,comics,comics,,,2020-10-01,25.0,8000,,,,1.0,0.5,exited,inactive,buyout,completed,,,,,,,,,,,,,,,First appearance of Spider-Man. Submitted offering_date was 2020-10. No Comics price history has been ingested.,Amazing Fantasy #15,First appearance of Spider-Man,Marvel,1962.0,15.0,,,30.0,240000.0,buyout
rally-fan41,FAN41,1961 Marvel Fantastic Four #1,comics,comics,,,2020-08-01,52.5,2000,,,,1.0,0.5,exited,inactive,buyout,completed,,,,,,,,,,,,,,,Submitted offering_date was 2020-08. No Comics price history has been ingested.,Fantastic Four #1,,Marvel,1961.0,1.0,,,63.0,126000.0,buyout
rally-xmen1,XMEN1,1963 Marvel X-Men #1,comics,comics,,,2021-03-01,20.0,12000,,,,1.0,0.5,exited,inactive,buyout,completed,,,,,,,,,,,,,,,Submitted offering_date was 2021-03. No Comics price history has been ingested.,X-Men #1,,Marvel,1963.0,1.0,,,27.08,325000.0,buyout
rally-avengers1,AVENGERS1,1963 Marvel The Avengers #1,comics,comics,,,2020-12-01,54.0,5000,,,,1.0,0.5,exited,inactive,buyout,completed,,,,,,,,,,,,,,,Submitted offering_date was 2020-12. No Comics price history has been ingested.,The Avengers #1,,Marvel,1963.0,1.0,,,65.0,325000.0,buyout
rally-tos39,TOS39,1963 Marvel Tales of Suspense #39,comics,comics,,,2020-08-01,45.0,3000,,,,1.0,0.5,exited,inactive,buyout,completed,,,,,,,,,,,,,,,First appearance of Iron Man. Submitted offering_date was 2020-08. No Comics price history has been ingested.,Tales of Suspense #39,First appearance of Iron Man,Marvel,1963.0,39.0,,,80.0,240000.0,buyout
rally-hulk1,HULK1,1962 Marvel The Incredible Hulk #1,comics,comics,,,2020-05-01,44.5,2000,,,,1.0,0.5,exited,inactive,buyout,completed,,,,,,,,,,,,,,,Submitted offering_date was 2020-05. No Comics price history has been ingested.,The Incredible Hulk #1,,Marvel,1962.0,1.0,,,58.0,116000.0,buyout
rally-daredev1,DAREDEV1,1964 Marvel Daredevil #1,comics,comics,,,2020-07-01,1.0,11500,,,,1.0,0.5,exited,inactive,buyout,completed,,,,,,,,,,,,,,,Submitted offering_date was 2020-07. No Comics price history has been ingested.,Daredevil #1,,Marvel,1964.0,1.0,,,1.92,22080.0,buyout
rally-super14,SUPER14,1942 DC Comics Superman #14,comics,comics,,,2020-11-01,25.0,5200,,,,1.0,0.5,exited,inactive,buyout,completed,,,,,,,,,,,,,,,Submitted offering_date was 2020-11. No Comics price history has been ingested.,Superman #14,,DC Comics,1942.0,14.0,,,30.0,156000.0,buyout
