asset_id,ticker,name,category,subcategory,underlying_collectible,significance,publisher,publication_year,issue_number,grade,brand,model,year,size,material,color,hardware,status,share_count,offering_date,offering_price_usd,offering_valuation_usd,exit_date,exit_price_per_share,exit_value_usd,total_return_at_exit,acquisition_cost_usd,rally_url,sec_filing_url,source_type,source_url,source_notes,last_quote_observed_at,data_quality_status,data_quality_warnings,trading_state,lifecycle_event_type,lifecycle_event_status,lifecycle_event_date,status_updated_at,buyout_offer_date,buyout_offer_price_per_share,buyout_offer_total_value,buyout_reference_price,buyout_reference_price_date,buyout_premium_pct,buyout_vote_yes_pct,buyout_vote_no_pct,buyout_vote_advisory_pct,buyout_vote_as_of,buyout_vote_provisional,buyout_notes
rally-andypele,ANDYPELE,1977 Andy Warhol Pelé Polaroid,art,art,,,,,,,,,1977.0,,,Andy Warhol Pele Polaroid,,trading,6500.0,2022-08-01,4.0,26000.0,,,,,,,,manual_seed,,Currently trading. Submitted offering_date was 2022-08. No price history has been ingested.,2026-06-26,usable,,active,none,none,,,,,,,,,,,,,,
rally-grateful1,GRATEFUL1,1966 Grateful Dead Skeleton and Roses Poster,art,art,,,,,,,,,1966.0,,,Grateful Dead Skeleton and Roses Poster,,trading,12500.0,2022-10-01,10.0,125000.0,,,,,,,,manual_seed,,Currently trading. Submitted offering_date was 2022-10. No price history has been ingested.,2026-06-29,usable,,active,none,none,,,,,,,,,,,,,,
rally-hirst1,HIRST1,"Damien Hirst, The Currency, Painting",art,art,,,,,,,,,,,,"Damien Hirst, The Currency, Painting",,trading,5000.0,2022-03-01,4.0,20000.0,,,,,,,,manual_seed,,Currently trading. Submitted offering_date was 2022-03. No price history has been ingested.,2026-06-29,usable,,active,none,none,,,,,,,,,,,,,,
rally-sachs1,SACHS1,Tom Sachs Rocket Factory “Game Changer”,art,art,,,,,,,,,,,,Tom Sachs Rocket Factory Game Changer,,trading,2150.0,2022-05-01,10.0,21500.0,,,,,,,,manual_seed,,Currently trading. Submitted offering_date was 2022-05. No price history has been ingested.,2026-06-29,usable,,active,none,none,,,,,,,,,,,,,,
rally-warhol1,WARHOL1,"1967 Andy Warhol Marilyn Monroe Print, Signed",art,art,,,,,,,,,1967.0,,,"Andy Warhol Marilyn Monroe Print, Signed",,trading,17000.0,2022-05-01,10.0,170000.0,,,,,,,,manual_seed,,Currently trading. Submitted offering_date was 2022-05. No price history has been ingested.,2026-06-29,usable,,active,none,none,,,,,,,,,,,,,,
rally-warhol2,WARHOL2,"1969 Andy Warhol Campbell’s Soup Print, Signed",art,art,,,,,,,,,1969.0,,,"Andy Warhol Campbells Soup Print, Signed",,trading,6500.0,2022-07-01,10.0,65000.0,,,,,,,,manual_seed,,Currently trading. Submitted offering_date was 2022-07. No price history has been ingested.,2026-06-30,usable,,active,none,none,,,,,,,,,,,,,,
rally-59bond,59BOND,Ian Fleming - Goldfinger (Dedication Copy),books,rare books,,,,,,,,,,,,Ian Fleming - Goldfinger (Dedication Copy),,trading,10250.0,2021-02-01,8.0,82000.0,,,,,,,,manual_seed,,Currently trading. Submitted offering_date was 2021-02.,2026-06-30,usable,,active,none,none,,,,,,,,,,,,,,
rally-59jfk,59JFK,John F. Kennedy - Profiles in Courage (Inscribed to Frank Sinatra),books,rare books,,,,,,,,,,,,John F. Kennedy - Profiles in Courage (Inscribed to Frank Sinatra),,trading,2000.0,2020-11-01,13.0,26000.0,,,,,,,,manual_seed,,Currently trading. Submitted offering_date was 2020-11.,2026-06-29,usable,,active,none,none,,,,,,,,,,,,,,
rally-62bond,62BOND,Ian Fleming - The Spy Who Loved Me (Inscribed to RFK),books,rare books,,,,,,,,,,,,Ian Fleming - The Spy Who Loved Me (Inscribed to RFK),,trading,15500.0,2020-12-01,6.0,93000.0,,,,,,,,manual_seed,,Currently trading. Submitted offering_date was 2020-12.,2026-06-26,usable,,active,none,none,,,,,,,,,,,,,,
rally-aghowl,AGHOWL,Allen Ginsberg - Howl and Other Poems (Inscribed First Edition),books,rare books,,,,,,,,,,,,Allen Ginsberg - Howl and Other Poems (Inscribed First Edition),,trading,500.0,2020-03-01,38.0,19000.0,,,,,,,,manual_seed,,Currently trading. Submitted offering_date was 2020-03.,2026-07-02,usable,,active,none,none,,,,,,,,,,,,,,
rally-alice,ALICE,Lewis Carroll - Alice's Adventures in Wonderland (First Edition),books,rare books,,,,,,,,,,,,Lewis Carroll - Alice's Adventures in Wonderland (First Edition),,trading,12000.0,2020-09-01,1.0,12000.0,,,,,,,,manual_seed,,Currently trading. Submitted offering_date was 2020-09.,2026-06-25,usable,,active,none,none,,,,,,,,,,,,,,
rally-anmlfarm,ANMLFARM,George Orwell - Animal Farm (First Edition),books,rare books,,,,,,,,,,,,George Orwell - Animal Farm (First Edition),,trading,1000.0,2020-11-01,10.0,10000.0,,,,,,,,manual_seed,,Currently trading. Submitted offering_date was 2020-11.,2026-07-23,usable,,active,none,none,,,,,,,,,,,,,,
rally-bond1,BOND1,Ian Fleming - Casino Royale (First Edition),books,rare books,,,,,,,,,,,,Ian Fleming - Casino Royale (First Edition),,trading,1000.0,2020-06-01,39.0,39000.0,,,,,,,,manual_seed,,Currently trading. Submitted offering_date was 2020-06.,2026-06-26,usable,,active,none,none,,,,,,,,,,,,,,
rally-bradbury,BRADBURY,Ray Bradbury - Fahrenheit 451 (Signed First Edition),books,rare books,,,,,,,,,,,,Ray Bradbury - Fahrenheit 451 (Signed First Edition),,trading,2000.0,2022-02-01,9.0,18000.0,,,,,,,,manual_seed,,Currently trading. Submitted offering_date was 2022-02.,2026-06-25,usable,,active,none,none,,,,,,,,,,,,,,
rally-brosgrimm,BROSGRIMM,Grimms' Fairy Tales (Inscribed),books,rare books,,,,,,,,,,,,Grimms' Fairy Tales (Inscribed),,trading,5000.0,2021-05-01,27.0,135000.0,,,,,,,,manual_seed,,Currently trading. Submitted offering_date was 2021-05.,2026-07-23,usable,,active,none,none,,,,,,,,,,,,,,
rally-catcher,CATCHER,J.D. Salinger's The Catcher in the Rye,books,rare books,,,,,,,,,,,,J.D. Salinger's The Catcher in the Rye,,exited,500.0,2020-06-01,25.0,12500.0,2026-07-20,27.95,13975.0,0.11799999999999988,,,,manual_seed,,Exited Books asset; no quarterly price observations added.,,limited,missing_quote_snapshot,inactive,other_exit,completed,2026-07-20,,,,,,,,,,,,,
rally-churchill,CHURCHILL,Winston Churchill - The Second World War (Signed First Edition),books,rare books,,,,,,,,,,,,Winston Churchill - The Second World War (Signed First Edition),,trading,7500.0,2020-07-01,1.0,7500.0,,,,,,,,manual_seed,,Currently trading. Submitted offering_date was 2020-07.,2026-06-24,usable,,active,none,none,,,,,,,,,,,,,,
rally-congress,CONGRESS,Journals of the Continental Congress (1774–1775),books,rare books,,,,,,,,,,,,Journals of the Continental Congress (17741775),,trading,5000.0,2021-07-01,24.0,120000.0,,,,,,,,manual_seed,,Currently trading. Submitted offering_date was 2021-07.,2026-06-26,usable,,active,none,none,,,,,,,,,,,,,,
rally-dune,DUNE,Frank Herbert - Dune (Inscribed First Edition),books,rare books,,,,,,,,,,,,Frank Herbert - Dune (Inscribed First Edition),,trading,1000.0,2020-12-01,13.25,13250.0,,,,,,,,manual_seed,,Currently trading. Submitted offering_date was 2020-12.,2026-06-29,usable,,active,none,none,,,,,,,,,,,,,,
rally-einstein,EINSTEIN,"Albert Einstein's Philosopher-Scientist, Signed First Edition",books,rare books,,,,,,,,,,,,"Albert Einstein's Philosopher-Scientist, Signed First Edition",,exited,2000.0,2019-12-01,7.25,14500.0,2026-02-09,8.27,16540.0,0.14068965517241372,,,,manual_seed,,Exited Books asset; no quarterly price observations added.,,limited,missing_quote_snapshot,inactive,other_exit,completed,2026-02-09,,,,,,,,,,,,,
rally-federal,FEDERAL,"Hamilton, Madison, and Jay's The Federalist, First Edition",books,rare books,,,,,,,,,,,,"Hamilton, Madison, and Jay's The Federalist, First Edition",,exited,10000.0,2021-01-01,15.0,150000.0,2024-09-19,19.5,195000.0,0.30000000000000004,,,,manual_seed,,Exited Books asset; no quarterly price observations added.,,limited,missing_quote_snapshot,inactive,other_exit,completed,2024-09-19,,,,,,,,,,,,,
rally-frost,FROST,Robert Frost - A Boy's Will (First Edition),books,rare books,,,,,,,,,,,,Robert Frost - A Boy's Will (First Edition),,trading,200.0,2019-11-01,67.5,13500.0,,,,,,,,manual_seed,,Currently trading. Submitted offering_date was 2019-11.,2026-07-09,usable,,active,none,none,,,,,,,,,,,,,,
rally-gatsby,GATSBY,The Great Gatsby (Signed First Edition),books,rare books,,,,,,,,,,,,The Great Gatsby (Signed First Edition),,trading,4000.0,2020-09-01,50.0,200000.0,,,,,,,,manual_seed,,Currently trading. Submitted offering_date was 2020-09.,2026-06-26,usable,,active,none,none,,,,,,,,,,,,,,
rally-grapes,GRAPES,John Steinbeck - The Grapes of Wrath (Inscribed First Edition),books,rare books,,,,,,,,,,,,John Steinbeck - The Grapes of Wrath (Inscribed First Edition),,trading,2000.0,2020-12-01,19.5,39000.0,,,,,,,,manual_seed,,Currently trading. Submitted offering_date was 2020-12.,2026-06-29,usable,,active,none,none,,,,,,,,,,,,,,
rally-gwtw,GWTW,Gone with the Wind (Inscribed First Printing),books,rare books,,,,,,,,,,,,Gone with the Wind (Inscribed First Printing),,trading,5000.0,2022-02-01,5.0,25000.0,,,,,,,,manual_seed,,Currently trading. Submitted offering_date was 2022-02.,2026-06-26,usable,,active,none,none,,,,,,,,,,,,,,
rally-hgwells,HGWELLS,H.G. Wells - The Time Machine (Inscribed First Edition),books,rare books,,,,,,,,,,,,H.G. Wells - The Time Machine (Inscribed First Edition),,trading,7500.0,2021-06-01,6.2,46500.0,,,,,,,,manual_seed,,Currently trading. Submitted offering_date was 2021-06.,2026-06-29,usable,,active,none,none,,,,,,,,,,,,,,
rally-hobbit,HOBBIT,"J.R.R. Tolkien's The Hobbit, First Edition",books,rare books,,,,,,,,,,,,"J.R.R. Tolkien's The Hobbit, First Edition",,exited,10000.0,2021-12-01,8.0,80000.0,2024-11-13,9.0,90000.0,0.125,,,,manual_seed,,Exited Books asset; no quarterly price observations added.,,limited,missing_quote_snapshot,inactive,other_exit,completed,2024-11-13,,,,,,,,,,,,,
rally-holmes,HOLMES,Arthur Conan Doyle - Adventures & Memoirs of Sherlock Holmes,books,rare books,,,,,,,,,,,,Arthur Conan Doyle - Adventures & Memoirs of Sherlock Holmes,,trading,2500.0,2021-12-01,10.0,25000.0,,,,,,,,manual_seed,,Currently trading. Submitted offering_date was 2021-12.,2026-06-29,usable,,active,none,none,,,,,,,,,,,,,,
rally-huckfinn,HUCKFINN,Mark Twain - Adventures of Huckleberry Finn (First Edition),books,rare books,,,,,,,,,,,,Mark Twain - Adventures of Huckleberry Finn (First Edition),,trading,2000.0,2021-04-01,11.0,22000.0,,,,,,,,manual_seed,,Currently trading. Submitted offering_date was 2021-04.,2026-06-29,usable,,active,none,none,,,,,,,,,,,,,,
rally-irobot,IROBOT,"Isaac Asimov - I, Robot (First Edition)",books,rare books,,,,,,,,,,,,"Isaac Asimov - I, Robot (First Edition)",,trading,1000.0,2022-01-01,8.0,8000.0,,,,,,,,manual_seed,,Currently trading. Submitted offering_date was 2022-01.,2026-06-29,usable,,active,none,none,,,,,,,,,,,,,,
rally-jekyll,JEKYLL,Dr. Jekyll and Mr. Hyde (First Edition),books,rare books,,,,,,,,,,,,Dr. Jekyll and Mr. Hyde (First Edition),,trading,5000.0,2022-08-01,4.0,20000.0,,,,,,,,manual_seed,,Currently trading. Submitted offering_date was 2022-08.,2026-06-30,usable,,active,none,none,,,,,,,,,,,,,,
rally-keller,KELLER,Helen Keller 1892 Book (Inscribed),books,rare books,,,,,,,,,,,,Helen Keller 1892 Book (Inscribed),,trading,3000.0,2022-03-01,5.0,15000.0,,,,,,,,manual_seed,,Currently trading. Submitted offering_date was 2022-03.,2026-07-08,usable,,active,none,none,,,,,,,,,,,,,,
rally-kerouac,KEROUAC,Jack Kerouac - On the Road (Signed First Edition),books,rare books,,,,,,,,,,,,Jack Kerouac - On the Road (Signed First Edition),,trading,4900.0,2020-12-01,20.0,98000.0,,,,,,,,manual_seed,,Currently trading. Submitted offering_date was 2020-12.,2026-06-29,usable,,active,none,none,,,,,,,,,,,,,,
rally-lotf,LOTF,William Golding - Lord of the Flies (First Edition),books,rare books,,,,,,,,,,,,William Golding - Lord of the Flies (First Edition),,trading,2000.0,2022-03-01,7.0,14000.0,,,,,,,,manual_seed,,Currently trading. Submitted offering_date was 2022-03.,2026-06-30,usable,,active,none,none,,,,,,,,,,,,,,
rally-lotr,LOTR,J.R.R. Tolkien - The Lord of the Rings Trilogy (First Edition),books,rare books,,,,,,,,,,,,J.R.R. Tolkien - The Lord of the Rings Trilogy (First Edition),,trading,1000.0,2020-06-01,29.0,29000.0,,,,,,,,manual_seed,,Currently trading. Submitted offering_date was 2020-06.,2026-07-01,usable,,active,none,none,,,,,,,,,,,,,,
rally-marx,MARX,Karl Marx - Das Kapital (First Edition),books,rare books,,,,,,,,,,,,Karl Marx - Das Kapital (First Edition),,trading,8000.0,2021-10-01,15.0,120000.0,,,,,,,,manual_seed,,Currently trading. Submitted offering_date was 2021-10.,2026-06-25,usable,,active,none,none,,,,,,,,,,,,,,
rally-mobydick,MOBYDICK,Herman Melville - Moby-Dick (First Edition),books,rare books,,,,,,,,,,,,Herman Melville - Moby-Dick (First Edition),,trading,10000.0,2022-01-01,7.0,70000.0,,,,,,,,manual_seed,,Currently trading. Submitted offering_date was 2022-01.,2026-06-29,usable,,active,none,none,,,,,,,,,,,,,,
rally-newton,NEWTON,Isaac Newton - Principia (First Edition),books,rare books,,,,,,,,,,,,Isaac Newton - Principia (First Edition),,trading,30000.0,2021-05-01,10.0,300000.0,,,,,,,,manual_seed,,Currently trading. Submitted offering_date was 2021-05.,2026-06-29,usable,,active,none,none,,,,,,,,,,,,,,
rally-newworld,NEWWORLD,Aldous Huxley - Brave New World (First Edition),books,rare books,,,,,,,,,,,,Aldous Huxley - Brave New World (First Edition),,trading,2000.0,2022-01-01,7.0,14000.0,,,,,,,,manual_seed,,Currently trading. Submitted offering_date was 2022-01.,2026-07-22,usable,,active,none,none,,,,,,,,,,,,,,
rally-potter,POTTER,J.K. Rowling's Harry Potter and the Philosopher's Stone,books,rare books,,,,,,,,,,,,J.K. Rowling's Harry Potter and the Philosopher's Stone,,exited,3000.0,2019-11-01,24.0,72000.0,2024-02-13,44.16666666666666,132500.0,0.8402777777777777,,,,manual_seed,,Exited Books asset; no quarterly price observations added. Exact total exit value is authoritative; per-share exit price is derived from it.,,limited,missing_quote_snapshot,inactive,other_exit,completed,2024-02-13,,,,,,,,,,,,,
rally-rabbit,RABBIT,The Tale of Peter Rabbit (First Edition),books,rare books,,,,,,,,,,,,The Tale of Peter Rabbit (First Edition),,trading,10000.0,2022-08-01,4.6,46000.0,,,,,,,,manual_seed,,Currently trading. Submitted offering_date was 2022-08.,2026-07-09,usable,,active,none,none,,,,,,,,,,,,,,
rally-roosevelt,ROOSEVELT,Theodore Roosevelt - African Game Trails (Signed First Edition),books,rare books,,,,,,,,,,,,Theodore Roosevelt - African Game Trails (Signed First Edition),,trading,1000.0,2020-03-01,19.5,19500.0,,,,,,,,manual_seed,,Currently trading. Submitted offering_date was 2020-03.,2026-06-30,usable,,active,none,none,,,,,,,,,,,,,,
rally-shkspr4,SHKSPR4,"Shakespeare - Comedies, Histories & Tragedies",books,rare books,,,,,,,,,,,,"Shakespeare - Comedies, Histories & Tragedies",,trading,1000.0,2020-07-01,115.0,115000.0,,,,,,,,manual_seed,,Currently trading. Submitted offering_date was 2020-07.,2026-06-24,usable,,active,none,none,,,,,,,,,,,,,,
rally-tkam,TKAM,Harper Lee - To Kill a Mockingbird (Signed First Edition),books,rare books,,,,,,,,,,,,Harper Lee - To Kill a Mockingbird (Signed First Edition),,trading,2000.0,2020-10-01,16.0,32000.0,,,,,,,,manual_seed,,Currently trading. Submitted offering_date was 2020-10.,2026-06-29,usable,,active,none,none,,,,,,,,,,,,,,
rally-treasure,TREASURE,Treasure Island (First Edition),books,rare books,,,,,,,,,,,,Treasure Island (First Edition),,trading,4500.0,2022-05-01,5.0,22500.0,,,,,,,,manual_seed,,Currently trading. Submitted offering_date was 2022-05.,2026-06-29,usable,,active,none,none,,,,,,,,,,,,,,
rally-twocities,TWOCITIES,Charles Dickens - A Tale of Two Cities (First Edition),books,rare books,,,,,,,,,,,,Charles Dickens - A Tale of Two Cities (First Edition),,trading,200.0,2019-11-01,72.5,14500.0,,,,,,,,manual_seed,,Currently trading. Submitted offering_date was 2019-11.,2026-07-02,usable,,active,none,none,,,,,,,,,,,,,,
rally-ulysses,ULYSSES,James Joyce - Ulysses (Matisse Signed),books,rare books,,,,,,,,,,,,James Joyce - Ulysses (Matisse Signed),,trading,500.0,2020-03-01,51.0,25500.0,,,,,,,,manual_seed,,Currently trading. Submitted offering_date was 2020-03.,2026-06-26,usable,,active,none,none,,,,,,,,,,,,,,
rally-walden,WALDEN,Henry David Thoreau - Walden (First Edition),books,rare books,,,,,,,,,,,,Henry David Thoreau - Walden (First Edition),,trading,2000.0,2021-05-01,10.25,20500.0,,,,,,,,manual_seed,,Currently trading. Submitted offering_date was 2021-05.,2026-07-01,usable,,active,none,none,,,,,,,,,,,,,,
rally-wildthing,WILDTHING,Where the Wild Things Are (Inscribed First Edition),books,rare books,,,,,,,,,,,,Where the Wild Things Are (Inscribed First Edition),,trading,2000.0,2021-10-01,9.0,18000.0,,,,,,,,manual_seed,,Currently trading. Submitted offering_date was 2021-10.,2026-06-25,usable,,active,none,none,,,,,,,,,,,,,,
rally-wzrdofoz,WZRDOFOZ,The Wonderful Wizard of Oz (First Edition),books,rare books,,,,,,,,,,,,The Wonderful Wizard of Oz (First Edition),,trading,6000.0,2021-04-01,15.0,90000.0,,,,,,,,manual_seed,,Currently trading. Submitted offering_date was 2021-04.,2026-06-29,usable,,active,none,none,,,,,,,,,,,,,,
rally-yoko,YOKO,Yoko Ono - Grapefruit (Signed First Edition),books,rare books,,,,,,,,,,,,Yoko Ono - Grapefruit (Signed First Edition),,trading,200.0,2020-05-01,80.0,16000.0,,,,,,,,manual_seed,,Currently trading. Submitted offering_date was 2020-05.,2026-06-26,usable,,active,none,none,,,,,,,,,,,,,,
rally-11bm1,11BM1,2011 BMW 1M,cars,classic cars,,,,,,,,,2011.0,,,BMW 1M,,trading,2000.0,2019-01-01,42.0,84000.0,,,,,,,,manual_seed,,Currently trading. Submitted offering_date was 2019-01.,2026-06-26,usable,,active,none,none,,,,,,,,,,,,,,
rally-55ps1,55PS1,1955 Porsche 356 Speedster,cars,classic cars,,,,,,,,,1955.0,,,Porsche 356 Speedster,,trading,2000.0,2018-03-01,212.5,425000.0,,,,,,,,manual_seed,,Currently trading. Submitted offering_date was 2018-03.,2026-06-26,usable,,active,none,none,,,,,,,,,,,,,,
rally-61je1,61JE1,1961 Jaguar E-Type,cars,classic cars,,,,,,,,,1961.0,,,Jaguar E-Type,,trading,3000.0,2019-04-01,82.0,246000.0,,,,,,,,manual_seed,,Currently trading. Submitted offering_date was 2019-04.,2026-06-29,usable,,active,none,none,,,,,,,,,,,,,,
rally-61mg1,61MG1,1961 Maserati 3500 GT,cars,classic cars,,,,,,,,,1961.0,,,Maserati 3500 GT,,trading,5000.0,2019-09-01,68.0,340000.0,,,,,,,,manual_seed,,Currently trading. Submitted offering_date was 2019-09.,2026-06-23,usable,,active,none,none,,,,,,,,,,,,,,
rally-63cc1,63CC1,1963 Chevrolet Corvette Split Window,cars,classic cars,,,,,,,,,1963.0,,,Chevrolet Corvette Split Window,,buyout_pending,2000.0,2019-03-01,63.0,126000.0,,,,,,,,manual_seed,,Currently trading. Submitted offering_date was 2019-03.,2026-06-29,usable,,halted,buyout_offer,pending,,2026-07-31T00:00:00Z,,60.44,120880.0,69.0,2026-06-29,-0.1240579710144927,,,,,,Pending offer metadata; not an executed trade or realized exit.
rally-65ag1,65AG1,1965 Alfa Romeo Giulia SS,cars,classic cars,,,,,,,,,1965.0,,,Alfa Romeo Giulia SS,,trading,2000.0,2019-04-01,89.25,178500.0,,,,,,,,manual_seed,,Currently trading. Submitted offering_date was 2019-04.,2026-06-26,usable,,active,none,none,,,,,,,,,,,,,,
rally-65fm1,65FM1,1965 Mustang Fastback,cars,classic cars,,,,,,,,,1965.0,,,Mustang Fastback,,trading,2000.0,2019-05-01,41.25,82500.0,,,,,,,,manual_seed,,Currently trading. Submitted offering_date was 2019-05.,2026-06-30,usable,,active,none,none,,,,,,,,,,,,,,
rally-69bm1,69BM1,1969 Boss 302 Mustang,cars,classic cars,,,,,,,,,1969.0,,,Boss 302 Mustang,,trading,2000.0,2017-11-01,57.5,115000.0,,,,,,,,manual_seed,,Currently trading. Submitted offering_date was 2017-11.,2026-06-30,usable,,active,none,none,,,,,,,,,,,,,,
rally-72mc1,72MC1,1972 Mazda Cosmo Sport,cars,classic cars,,,,,,,,,1972.0,,,Mazda Cosmo Sport,,trading,2000.0,2018-12-01,62.25,124500.0,,,,,,,,manual_seed,,Currently trading. Submitted offering_date was 2018-12.,2026-06-26,usable,,active,none,none,,,,,,,,,,,,,,
rally-75ra1,75RA1,1975 Renault Alpine A110,cars,classic cars,,,,,,,,,1975.0,,,Renault Alpine A110,,trading,3000.0,2019-03-01,28.0,84000.0,,,,,,,,manual_seed,,Currently trading. Submitted offering_date was 2019-03.,2026-06-29,usable,,active,none,none,,,,,,,,,,,,,,
rally-77le1,77LE1,1977 Lotus Esprit S1,cars,classic cars,,,,,,,,,1977.0,,,Lotus Esprit S1,,trading,2000.0,2016-11-01,38.85,77700.0,,,,,,,,manual_seed,,Currently trading. Submitted offering_date was 2016-11.,2026-06-29,usable,,active,none,none,,,,,,,,,,,,,,
rally-82av1,82AV1,1982 Aston Martin V8 Vantage Oscar India,cars,classic cars,,,,,,,,,1982.0,,,Aston Martin V8 Vantage Oscar India,,trading,14875.0,2021-12-01,20.0,297500.0,,,,,,,,manual_seed,,Currently trading. Submitted offering_date was 2021-12.,2026-06-29,usable,,active,none,none,,,,,,,,,,,,,,
rally-83fb1,83FB1,1983 Ferrari 512 BBi,cars,classic cars,,,,,,,,,1983.0,,,Ferrari 512 BBi,,trading,5000.0,2018-07-01,70.0,350000.0,,,,,,,,manual_seed,,Currently trading. Submitted offering_date was 2018-07.,2026-06-26,usable,,active,none,none,,,,,,,,,,,,,,
rally-91mv1,91MV1,1991 Mitsubishi 3000GT VR-4,cars,classic cars,,,,,,,,,1991.0,,,Mitsubishi 3000GT VR-4,,buyout_pending,2000.0,2018-11-01,19.0,38000.0,,,,,,,,manual_seed,,Currently trading. Submitted offering_date was 2018-11.,2026-06-29,usable,,halted,buyout_offer,pending,,2026-07-31T00:00:00Z,,20.0,40000.0,18.0,2026-06-29,0.1111111111111111,,,,,,Pending offer metadata; not an executed trade or realized exit.
rally-92cc1,92CC1,1992 Chevrolet Corvette ZR-1,cars,classic cars,,,,,,,,,1992.0,,,Chevrolet Corvette ZR-1,,trading,2000.0,2019-09-01,26.25,52500.0,,,,,,,,manual_seed,,Currently trading. Submitted offering_date was 2019-09.,2026-06-29,usable,,active,none,none,,,,,,,,,,,,,,
rally-92ld1,92LD1,1992 Lancia Delta Martini 5,cars,classic cars,,,,,,,,,1992.0,,,Lancia Delta Martini 5,,trading,3000.0,2018-12-01,55.0,165000.0,,,,,,,,manual_seed,,Currently trading. Submitted offering_date was 2018-12.,2026-06-25,usable,,active,none,none,,,,,,,,,,,,,,
rally-93xj1,93XJ1,1993 Jaguar XJ220,cars,classic cars,,,,,,,,,1993.0,,,Jaguar XJ220,,trading,5000.0,2018-08-01,99.0,495000.0,,,,,,,,manual_seed,,Currently trading. Submitted offering_date was 2018-08.,2026-06-29,usable,,active,none,none,,,,,,,,,,,,,,
rally-94dv1,94DV1,1994 Dodge Viper RT/10,cars,classic cars,,,,,,,,,1994.0,,,Dodge Viper RT/10,,buyout_pending,2000.0,2018-12-01,28.75,57500.0,,,,,,,,manual_seed,,Currently trading. Submitted offering_date was 2018-12.,2026-06-29,usable,,halted,buyout_offer,pending,,2026-07-31T00:00:00Z,,31.5,63000.0,30.0,2026-06-29,0.05,,,,,,Pending offer metadata; not an executed trade or realized exit.
rally-94fs1,94FS1,1994 Ferrari 348 Spider,cars,classic cars,,,,,,,,,1994.0,,,Ferrari 348 Spider,,buyout_pending,2000.0,2019-09-01,72.5,145000.0,,,,,,,,manual_seed,,Currently trading. Submitted offering_date was 2019-09.,2026-06-24,usable,,halted,buyout_offer,pending,,2026-07-31T00:00:00Z,,87.0,174000.0,58.0,2026-06-24,0.5,,,,,,Pending offer metadata; not an executed trade or realized exit.
rally-99ss1,99SS1,1999 Shelby Series 1,cars,classic cars,,,,,,,,,1999.0,,,Shelby Series 1,,buyout_pending,1000.0,2019-09-01,137.5,137500.0,,,,,,,,manual_seed,,Currently trading. Submitted offering_date was 2019-09.,2026-06-23,usable,,halted,buyout_offer,pending,,2026-07-31T00:00:00Z,,165.5,165500.0,165.0,2026-06-23,0.0030303030303029,22.0,77.0,0.5,2026-07-31T00:00:00Z,True,"User-observed approximate, provisional, non-final vote snapshot; Advisory Decide approximately 0.5%. Not used in index calculations."
rally-1857coin,1857COIN,1857 “Ship of Gold” Coin,coins,coins,,,,,,,,,,,,1857 Ship of Gold Coin,,trading,5000.0,2022-08-01,5.0,25000.0,,,,,,,,manual_seed,,Rare 1857-S $20 gold coin salvaged from the SS Central America. Currently trading. Submitted offering_date was 2022-08. No price history has been ingested.,2026-06-26,usable,,active,none,none,,,,,,,,,,,,,,
rally-croesus,CROESUS,561–546 BC First Gold Coin,coins,ancient coins,,,,,,,,,,,,561546 BC First Gold Coin,,trading,8000.0,2022-07-01,8.0,64000.0,,,,,,,,manual_seed,,Ancient Lydian gold coin associated with King Croesus and the early development of gold coinage. Currently trading. Submitted offering_date was 2022-07. No price history has been ingested.,2026-06-30,usable,,active,none,none,,,,,,,,,,,,,,
rally-justinian,JUSTINIAN,First Depiction of Christ on a Coin,coins,ancient coins,,,,,,,,,,,,First Depiction of Christ on a Coin,,trading,2000.0,2021-12-01,9.0,18000.0,,,,,,,,manual_seed,,Coin dated to approximately 695 AD featuring the first depiction of Christ on a coin. Currently trading. Submitted offering_date was 2021-12. No price history has been ingested.,2026-06-26,usable,,active,none,none,,,,,,,,,,,,,,
rally-59flash,59FLASH,1959 DC Comics The Flash #105,comics,comics,,,,,,,,,1959.0,,,DC Comics The Flash #105,,trading,10000.0,2021-01-01,6.5,65000.0,,,,,,,,manual_seed,,Submitted offering_date was 2021-01. No Comics price history has been ingested.,,limited,missing_quote_snapshot,active,none,none,,,,,,,,,,,,,,
rally-ac23,AC23,1940 DC Comics Action Comics #23,comics,comics,,,,,,,,,1940.0,,,DC Comics Action Comics #23,,trading,4000.0,2021-05-01,7.0,28000.0,,,,,,,,manual_seed,,First appearance of Lex Luthor. Submitted offering_date was 2021-05. No Comics price history has been ingested.,,limited,missing_quote_snapshot,active,none,none,,,,,,,,,,,,,,
rally-af15,AF15,1962 Marvel Amazing Fantasy #15,comics,comics,,,,,,,,,1962.0,,,Marvel Amazing Fantasy #15,,exited,8000.0,2020-10-01,25.0,200000.0,,30.0,240000.0,0.19999999999999996,,,,manual_seed,,First appearance of Spider-Man. Submitted offering_date was 2020-10. No Comics price history has been ingested.,,limited,missing_quote_snapshot,inactive,buyout,completed,,,,,,,,,,,,,,
rally-avengers1,AVENGERS1,1963 Marvel The Avengers #1,comics,comics,,,,,,,,,1963.0,,,Marvel The Avengers #1,,exited,5000.0,2020-12-01,54.0,270000.0,,65.0,325000.0,0.20370370370370372,,,,manual_seed,,Submitted offering_date was 2020-12. No Comics price history has been ingested.,,limited,missing_quote_snapshot,inactive,buyout,completed,,,,,,,,,,,,,,
rally-avengers57,AVENGERS57,1968 Marvel The Avengers #57,comics,comics,,,,,,,,,1968.0,,,Marvel The Avengers #57,,trading,20000.0,2020-12-01,1.0,20000.0,,,,,,,,manual_seed,,Submitted offering_date was 2020-12. No Comics price history has been ingested.,2026-06-30,usable,,active,none,none,,,,,,,,,,,,,,
rally-batman,BATMAN,"1940 DC Comics Batman #1, CGC 8.0",comics,comics,,,,,,,,,1940.0,,,"DC Comics Batman #1, CGC 8.0",,exited,180000.0,2022-12-01,10.0,1800000.0,,11.11,2000000.0,0.11111111111111116,,,,manual_seed,,Submitted offering_date was 2022-12. No Comics price history has been ingested.,,limited,missing_quote_snapshot,inactive,buyout,completed,,,,,,,,,,,,,,
rally-batman1,BATMAN1,"1940 DC Comics Batman #1, CGC 1.5",comics,comics,,,,,,,,,1940.0,,,"DC Comics Batman #1, CGC 1.5",,exited,1000.0,2020-06-01,71.0,71000.0,,103.95,103950.0,0.46408450704225346,,,,manual_seed,,Submitted offering_date was 2020-06. No Comics price history has been ingested.,,limited,missing_quote_snapshot,inactive,buyout,completed,,,,,,,,,,,,,,
rally-batman181,BATMAN181,1966 DC Comics Batman #181,comics,comics,,,,,,,,,1966.0,,,DC Comics Batman #181,,trading,5000.0,2021-12-01,10.0,50000.0,,,,,,,,manual_seed,,First appearance of Poison Ivy. Submitted offering_date was 2021-12. No Comics price history has been ingested.,2026-06-29,usable,,active,none,none,,,,,,,,,,,,,,
rally-batman2,BATMAN2,1940 DC Comics Batman #2,comics,comics,,,,,,,,,1940.0,,,DC Comics Batman #2,,trading,8500.0,2021-05-01,10.0,85000.0,,,,,,,,manual_seed,,Submitted offering_date was 2021-05. No Comics price history has been ingested.,2026-06-29,usable,,active,none,none,,,,,,,,,,,,,,
rally-batman3,BATMAN3,1940 DC Comics Batman #3,comics,comics,,,,,,,,,1940.0,,,DC Comics Batman #3,,trading,1000.0,2020-02-01,78.0,78000.0,,,,,,,,manual_seed,,Submitted offering_date was 2020-02. No Comics price history has been ingested.,2026-06-29,usable,,active,none,none,,,,,,,,,,,,,,
rally-batman6,BATMAN6,1941 DC Comics Batman #6,comics,comics,,,,,,,,,1941.0,,,DC Comics Batman #6,,buyout_pending,2000.0,2020-10-01,13.5,27000.0,,,,,,,,manual_seed,,Submitted offering_date was 2020-10. No Comics price history has been ingested.,,limited,missing_quote_snapshot,halted,buyout_offer,pending,,,,11.0,22000.0,,,,,,,,,Pending offer metadata only; not an executed trade or completed exit.
rally-captain3,CAPTAIN3,1941 Timely Comics Captain America Comics #3,comics,comics,,,,,,,,,1941.0,,,Timely Comics Captain America Comics #3,,trading,1000.0,2020-07-01,37.0,37000.0,,,,,,,,manual_seed,,Submitted offering_date was 2020-07. No Comics price history has been ingested.,,limited,missing_quote_snapshot,active,none,none,,,,,,,,,,,,,,
rally-daredev1,DAREDEV1,1964 Marvel Daredevil #1,comics,comics,,,,,,,,,1964.0,,,Marvel Daredevil #1,,exited,11500.0,2020-07-01,1.0,11500.0,,1.92,22080.0,0.9199999999999999,,,,manual_seed,,Submitted offering_date was 2020-07. No Comics price history has been ingested.,,limited,missing_quote_snapshot,inactive,buyout,completed,,,,,,,,,,,,,,
rally-dracula10,DRACULA10,1973 Marvel Tomb of Dracula #10,comics,comics,,,,,,,,,1973.0,,,Marvel Tomb of Dracula #10,,trading,4000.0,2022-08-01,10.0,40000.0,,,,,,,,manual_seed,,First appearance of Blade. Submitted offering_date was 2022-08. No Comics price history has been ingested.,,limited,missing_quote_snapshot,active,none,none,,,,,,,,,,,,,,
rally-fan41,FAN41,1961 Marvel Fantastic Four #1,comics,comics,,,,,,,,,1961.0,,,Marvel Fantastic Four #1,,exited,2000.0,2020-08-01,52.5,105000.0,,63.0,126000.0,0.19999999999999996,,,,manual_seed,,Submitted offering_date was 2020-08. No Comics price history has been ingested.,,limited,missing_quote_snapshot,inactive,buyout,completed,,,,,,,,,,,,,,
rally-fan45,FAN45,1962 Marvel Fantastic Four #5,comics,comics,,,,,,,,,1962.0,,,Marvel Fantastic Four #5,,trading,10000.0,2021-03-01,8.0,80000.0,,,,,,,,manual_seed,,First appearance of Doctor Doom. Submitted offering_date was 2021-03. No Comics price history has been ingested.,2026-06-25,usable,,active,none,none,,,,,,,,,,,,,,
rally-flash123,FLASH123,1961 DC Comics The Flash #123,comics,comics,,,,,,,,,1961.0,,,DC Comics The Flash #123,,trading,3625.0,2021-06-01,8.0,29000.0,,,,,,,,manual_seed,,Landmark multiverse story. Submitted offering_date was 2021-06. No Comics price history has been ingested.,,limited,missing_quote_snapshot,active,none,none,,,,,,,,,,,,,,
rally-ghost1,GHOST1,1973 Marvel Ghost Rider #1,comics,comics,,,,,,,,,1973.0,,,Marvel Ghost Rider #1,,trading,2000.0,2021-10-01,7.0,14000.0,,,,,,,,manual_seed,,Submitted offering_date was 2021-10. No Comics price history has been ingested.,,limited,missing_quote_snapshot,active,none,none,,,,,,,,,,,,,,
rally-hulk1,HULK1,1962 Marvel The Incredible Hulk #1,comics,comics,,,,,,,,,1962.0,,,Marvel The Incredible Hulk #1,,exited,2000.0,2020-05-01,44.5,89000.0,,58.0,116000.0,0.303370786516854,,,,manual_seed,,Submitted offering_date was 2020-05. No Comics price history has been ingested.,,limited,missing_quote_snapshot,inactive,buyout,completed,,,,,,,,,,,,,,
rally-hulk180,HULK180,1974 Marvel The Incredible Hulk #180,comics,comics,,,,,,,,,1974.0,,,Marvel The Incredible Hulk #180,,trading,10000.0,2021-12-01,4.2,42000.0,,,,,,,,manual_seed,,First cameo appearance of Wolverine. Submitted offering_date was 2021-12. No Comics price history has been ingested.,,limited,missing_quote_snapshot,active,none,none,,,,,,,,,,,,,,
rally-justise1,JUSTISE1,1960 DC Comics Justice League of America #1,comics,comics,,,,,,,,,1960.0,,,DC Comics Justice League of America #1,,exited,5000.0,2020-11-01,43.0,215000.0,,45.0,225000.0,0.04651162790697683,,,,manual_seed,,Submitted offering_date was 2020-11. No Comics price history has been ingested.,,limited,missing_quote_snapshot,inactive,buyout,completed,,,,,,,,,,,,,,
rally-penguin,PENGUIN,1941 DC Comics Detective Comics #58,comics,comics,,,,,,,,,1941.0,,,DC Comics Detective Comics #58,,trading,10000.0,2021-11-01,6.0,60000.0,,,,,,,,manual_seed,,First appearance of the Penguin. Submitted offering_date was 2021-11. No Comics price history has been ingested.,2026-06-26,usable,,active,none,none,,,,,,,,,,,,,,
rally-showcase4,SHOWCASE4,1956 DC Comics Showcase #4,comics,comics,,,,,,,,,1956.0,,,DC Comics Showcase #4,,trading,11000.0,2022-01-01,7.0,77000.0,,,,,,,,manual_seed,,First appearance of the Silver Age Flash. Submitted offering_date was 2022-01. No Comics price history has been ingested.,,limited,missing_quote_snapshot,active,none,none,,,,,,,,,,,,,,
rally-spider1,SPIDER1,1963 Marvel The Amazing Spider-Man #1,comics,comics,,,,,,,,,1963.0,,,Marvel The Amazing Spider-Man #1,,trading,1000.0,2020-02-01,22.0,22000.0,,,,,,,,manual_seed,,Submitted offering_date was 2020-02. No Comics price history has been ingested.,2026-06-29,usable,,active,none,none,,,,,,,,,,,,,,
rally-spider10,SPIDER10,1964 Marvel The Amazing Spider-Man #10,comics,comics,,,,,,,,,1964.0,,,Marvel The Amazing Spider-Man #10,,trading,4200.0,2020-09-01,5.0,21000.0,,,,,,,,manual_seed,,Submitted offering_date was 2020-09. No Comics price history has been ingested.,,limited,missing_quote_snapshot,active,none,none,,,,,,,,,,,,,,
rally-spider129,SPIDER129,1974 Marvel The Amazing Spider-Man #129,comics,comics,,,,,,,,,1974.0,,,Marvel The Amazing Spider-Man #129,,trading,10000.0,2021-10-01,4.0,40000.0,,,,,,,,manual_seed,,First appearance of the Punisher. Submitted offering_date was 2021-10. No Comics price history has been ingested.,,limited,missing_quote_snapshot,active,none,none,,,,,,,,,,,,,,
rally-starwars1,STARWARS1,1977 Marvel Star Wars #1,comics,comics,,,,,,,,,1977.0,,,Marvel Star Wars #1,,trading,12000.0,2020-07-01,1.0,12000.0,,,,,,,,manual_seed,,Submitted offering_date was 2020-07. No Comics price history has been ingested.,2026-06-26,usable,,active,none,none,,,,,,,,,,,,,,
rally-super14,SUPER14,1942 DC Comics Superman #14,comics,comics,,,,,,,,,1942.0,,,DC Comics Superman #14,,exited,5200.0,2020-11-01,25.0,130000.0,,30.0,156000.0,0.19999999999999996,,,,manual_seed,,Submitted offering_date was 2020-11. No Comics price history has been ingested.,,limited,missing_quote_snapshot,inactive,buyout,completed,,,,,,,,,,,,,,
rally-super21,SUPER21,1943 DC Comics Superman #21,comics,comics,,,,,,,,,1943.0,,,DC Comics Superman #21,,trading,8500.0,2020-05-01,1.0,8500.0,,,,,,,,manual_seed,,Submitted offering_date was 2020-05. No Comics price history has been ingested.,2026-06-26,usable,,active,none,none,,,,,,,,,,,,,,
rally-superman6,SUPERMAN6,1940 DC Comics Superman #6,comics,comics,,,,,,,,,1940.0,,,DC Comics Superman #6,,trading,3000.0,2022-07-01,8.0,24000.0,,,,,,,,manual_seed,,Submitted offering_date was 2022-07. No Comics price history has been ingested.,,limited,missing_quote_snapshot,active,none,none,,,,,,,,,,,,,,
rally-surfer4,SURFER4,1968 Marvel Silver Surfer #4,comics,comics,,,,,,,,,1968.0,,,Marvel Silver Surfer #4,,trading,10000.0,2021-11-01,8.0,80000.0,,,,,,,,manual_seed,,Silver Surfer battles Thor. Submitted offering_date was 2021-11. No Comics price history has been ingested.,2026-06-26,usable,,active,none,none,,,,,,,,,,,,,,
rally-thor,THOR,1962 Marvel Journey into Mystery #83,comics,comics,,,,,,,,,1962.0,,,Marvel Journey into Mystery #83,,exited,10750.0,2021-01-01,20.0,215000.0,,24.28,261000.0,0.21395348837209305,,,,manual_seed,,First appearance of Thor. Submitted offering_date was 2021-01. No Comics price history has been ingested.,,limited,missing_quote_snapshot,inactive,buyout,completed,,,,,,,,,,,,,,
rally-tmnt1,TMNT1,1984 Teenage Mutant Ninja Turtles #1,comics,comics,,,,,,,,,1984.0,,,Teenage Mutant Ninja Turtles #1,,exited,1000.0,2020-07-01,65.0,65000.0,,100.0,100000.0,0.5384615384615385,,,,manual_seed,,Submitted offering_date was 2020-07. No Comics price history has been ingested.,,limited,missing_quote_snapshot,inactive,buyout,completed,,,,,,,,,,,,,,
rally-tos39,TOS39,1963 Marvel Tales of Suspense #39,comics,comics,,,,,,,,,1963.0,,,Marvel Tales of Suspense #39,,exited,3000.0,2020-08-01,45.0,135000.0,,80.0,240000.0,0.7777777777777777,,,,manual_seed,,First appearance of Iron Man. Submitted offering_date was 2020-08. No Comics price history has been ingested.,,limited,missing_quote_snapshot,inactive,buyout,completed,,,,,,,,,,,,,,
rally-wolverine,WOLVERINE,1974 Marvel The Incredible Hulk #181,comics,comics,,,,,,,,,1974.0,,,Marvel The Incredible Hulk #181,,buyout_pending,5000.0,2021-01-01,9.5,47500.0,,,,,,,,manual_seed,,First full appearance of Wolverine. Submitted offering_date was 2021-01. No Comics price history has been ingested.,,limited,missing_quote_snapshot,halted,buyout_offer,pending,,,,11.4,57000.0,,,,,,,,,Pending offer metadata only; not an executed trade or completed exit.
rally-xlxmen1,XLXMEN1,1975 Marvel Giant-Size X-Men #1,comics,comics,,,,,,,,,1975.0,,,Marvel Giant-Size X-Men #1,,trading,8000.0,2021-08-01,8.0,64000.0,,,,,,,,manual_seed,,First appearance of the new X-Men team. Submitted offering_date was 2021-08. No Comics price history has been ingested.,,limited,missing_quote_snapshot,active,none,none,,,,,,,,,,,,,,
rally-xmen1,XMEN1,1963 Marvel X-Men #1,comics,comics,,,,,,,,,1963.0,,,Marvel X-Men #1,,exited,12000.0,2021-03-01,20.0,240000.0,,27.08,325000.0,0.3541666666666665,,,,manual_seed,,Submitted offering_date was 2021-03. No Comics price history has been ingested.,,limited,missing_quote_snapshot,inactive,buyout,completed,,,,,,,,,,,,,,
rally-xmen94,XMEN94,1975 Marvel X-Men #94,comics,comics,,,,,,,,,1975.0,,,Marvel X-Men #94,,trading,10000.0,2021-08-01,6.5,65000.0,,,,,,,,manual_seed,,New X-Men team enters the title series. Submitted offering_date was 2021-08. No Comics price history has been ingested.,,limited,missing_quote_snapshot,active,none,none,,,,,,,,,,,,,,
rally-baro,BARO,Barosaurus Skeleton,fossils,barosaurus,,,,,,,,,,,,Barosaurus Skeleton,,exited,200000.0,2025-09-01,62.5,12500000.0,,,,,,,,manual_seed,,Offering complete. Will not trade on Rally. Submitted offering_date was 2025-09.,,limited,missing_quote_snapshot,inactive,other_exit,completed,,,,,,,,,,,,,,
rally-deaton,DEATON,Deaton Triceratops Skull,fossils,triceratops,,,,,,,,,,,,Deaton Triceratops Skull,,exit_pending,11400.0,2021-01-01,25.0,285000.0,,,,,,,,manual_seed,,"Pending buyout vote in progress; proposed $600,000 / $52.63 per share offer has not been approved or completed. Last secondary close before pending vote was $23.75/share ($270,750 market cap). Submitted offering_date was 2021-01.",2026-06-22,usable,,halted,other_exit,pending,,,,,,,,,,,,,,
rally-megalodon,MEGALODON,Megalodon Fossil,fossils,shark,,,,,,,,,,,,Megalodon Fossil,,trading,30000.0,2021-10-01,20.0,600000.0,,,,,,,,manual_seed,,Currently trading. Submitted offering_date was 2021-10.,2026-06-30,usable,,active,none,none,,,,,,,,,,,,,,
rally-mosasaur,MOSASAUR,Mosasaur,fossils,mosasaur,,,,,,,,,,,,Mosasaur,,trading,6000.0,2021-02-01,5.0,30000.0,,,,,,,,manual_seed,,Currently trading. Quarterly history imported. Submitted offering_date was 2021-02.,2026-06-29,usable,,active,none,none,,,,,,,,,,,,,,
rally-steg,STEG,BCQ-24 Stegosaurus Skeleton,fossils,stegosaurus,,,,,,,,,,,,BCQ-24 Stegosaurus Skeleton,,exited,200000.0,2024-12-01,68.75,13750000.0,,,,,,,,manual_seed,,Offering complete. Will not trade on Rally. Submitted offering_date was 2024-12.,,limited,missing_quote_snapshot,inactive,other_exit,completed,,,,,,,,,,,,,,
rally-birkinblu,BIRKINBLU,Hermès 25cm Blue Lizard Birkin,handbags,birkin_lizard,,,,,,,Hermes,Birkin,,25,Lizard,Blue,,exited,1000.0,2019-11-01,58.0,58000.0,2025-04-10,68.0,68000.0,0.17241379310344818,,,,manual_seed,,Exited via buyout. Submitted offering_date was 2019-11.,2025-03-24,limited,stale_quote_snapshot,inactive,buyout,completed,2025-04-10,,,,,,,,,,,,,
rally-birkinbor,BIRKINBOR,Hermès 35cm Bordeaux Crocodile Birkin,handbags,birkin_crocodile,,,,,,,Hermes,Birkin,,35,Crocodile,Bordeaux,,trading,2000.0,2020-02-01,26.25,52500.0,,,,,,,,manual_seed,,Currently trading. Submitted offering_date was 2020-02.,2026-06-26,usable,,active,none,none,,,,,,,,,,,,,,
rally-birkintan,BIRKINTAN,Hermès 30cm Tangerine Ostrich Birkin,handbags,birkin_ostrich,,,,,,,Hermes,Birkin,,30,Ostrich,Tangerine,,trading,1000.0,2020-06-01,28.0,28000.0,,,,,,,,manual_seed,,Currently trading. Submitted offering_date was 2020-06.,2026-06-26,usable,,active,none,none,,,,,,,,,,,,,,
rally-faubourg,FAUBOURG,Hermès Faubourg,handbags,faubourg,,,,,,,Hermes,,,,,Faubourg,,exited,2000.0,2020-09-01,75.0,150000.0,2023-05-30,87.5,175000.0,0.16666666666666674,,,,manual_seed,,"Exited via buyout for $175,000 / $87.50 per share.",2023-03-31,limited,stale_quote_snapshot,inactive,buyout,completed,2023-05-30,,,,,,,,,,,,,
rally-faubourg2,FAUBOURG2,Hermès Faubourg 2,handbags,faubourg,,,,,,,Hermes,,,,,Faubourg 2,,exited,11000.0,2021-01-01,15.0,165000.0,2025-01-06,16.5,181500.0,0.10000000000000009,,,,manual_seed,,Exited via buyout. Submitted offering_date was 2021-01.,2024-09-26,limited,stale_quote_snapshot,inactive,buyout,completed,2025-01-06,,,,,,,,,,,,,
rally-himalaya,HIMALAYA,Hermès 30cm Himalaya Birkin,handbags,birkin_himalaya,,,,,,,Hermes,Birkin,,30,,Himalaya,,trading,2000.0,2020-05-01,70.0,140000.0,,,,,,,,manual_seed,,Currently trading. Submitted offering_date was 2020-05.,2026-06-26,usable,,active,none,none,,,,,,,,,,,,,,
rally-picnic,PICNIC,Hermès 35cm Picnic Kelly,handbags,kelly_picnic,,,,,,,Hermes,Kelly,,35,,Picnic,,trading,2000.0,2020-12-01,27.0,54000.0,,,,,,,,manual_seed,,Currently trading. Submitted offering_date was 2020-12.,2026-06-29,usable,,active,none,none,,,,,,,,,,,,,,
rally-soblack,SOBLACK,Hermès 30cm So Black Birkin,handbags,birkin_so_black,,,,,,,Hermes,Birkin,,30,,So Black,,trading,1000.0,2020-09-01,56.0,56000.0,,,,,,,,manual_seed,,Currently trading. Submitted offering_date was 2020-09.,2026-06-26,usable,,active,none,none,,,,,,,,,,,,,,
rally-gold1,GOLD1,172 GM Gold Nugget,precious minerals,precious minerals,,,,,,,,,,,,172 GM Gold Nugget,,trading,4000.0,2022-04-01,4.0,16000.0,,,,,,,,manual_seed,,Alaska gold nugget weighing 172 grams. Currently trading. Submitted offering_date was 2022-04. No price history has been ingested.,2026-06-29,usable,,active,none,none,,,,,,,,,,,,,,
rally-meteorite,METEORITE,Lunar Meteorite,precious minerals,meteorites,,,,,,,,,,,,Lunar Meteorite,,trading,17500.0,2021-08-01,20.0,350000.0,,,,,,,,manual_seed,,Lunar meteorite. Currently trading. Submitted offering_date was 2021-08. No price history has been ingested.,2026-06-30,usable,,active,none,none,,,,,,,,,,,,,,
rally-7orlex,70RLEX,1970 Rolex Watch,watches,rolex,,,,,,,Rolex,,1970.0,,,Watch,,exited,1000.0,2019-11-01,20.0,20000.0,2023-12-12,30.0,30000.0,0.5,,,,manual_seed,,"Exited via buyout for $30,000 / $30.00 per share.",2023-09-27,limited,stale_quote_snapshot,inactive,buyout,completed,2023-12-12,,,,,,,,,,,,,
rally-79stella,79STELLA,1979 Rolex Coral Stella Dial Day-Date,watches,rolex,,,,,,,Rolex,,1979.0,,,Coral Stella Dial Day-Date,,trading,13800.0,2020-10-01,5.0,69000.0,,,,,,,,manual_seed,,Currently trading. Submitted offering_date was 2020-10.,2026-06-26,usable,,active,none,none,,,,,,,,,,,,,,
rally-93daytona,93DAYTONA,1993 Rolex Zenith Daytona Inverted 6,watches,rolex,,,,,,,Rolex,Daytona,1993.0,,,Zenith,,trading,2000.0,2020-09-01,21.0,42000.0,,,,,,,,manual_seed,,Currently trading. Submitted offering_date was 2020-09.,2026-06-30,usable,,active,none,none,,,,,,,,,,,,,,
rally-aproak,APROAK,Audemars Piguet Royal Oak,watches,audemars piguet,,,,,,,Audemars Piguet,Royal Oak,,,,,,exited,1000.0,2019-12-01,75.0,75000.0,2021-06-30,110.0,110000.0,0.46666666666666656,,,,manual_seed,,"Exited via buyout for $110,000 / $110.00 per share; Q2 2021 retains intra-quarter secondary observation separately.",2021-05-10,limited,stale_quote_snapshot,inactive,buyout,completed,2021-06-30,,,,,,,,,,,,,
rally-bondwatch,BONDWATCH,Pierce Brosnan Omega Seamaster James Bond Film-Worn Watch,watches,omega,,,,,,,,,,,,Pierce Brosnan Omega Seamaster James Bond Film-Worn Watch,,trading,20000.0,2022-01-01,4.0,80000.0,,,,,,,,manual_seed,,Film-worn James Bond watch. Submitted offering_date was 2022-01.,2026-06-29,usable,,active,none,none,,,,,,,,,,,,,,
rally-dimaggio2,DIMAGGIO2,DiMaggio 2 Watch,watches,,,,,,,,,,,,,DiMaggio 2 Watch,,trading,2000.0,2020-11-01,10.5,21000.0,,,,,,,,manual_seed,,Exact watch model not yet recorded. Submitted offering_date was 2020-11.,2026-06-30,usable,,active,none,none,,,,,,,,,,,,,,
rally-dominos,DOMINOS,Domino's Pizza Special Edition Rolex Air-King,watches,rolex,,,,,,,Rolex,,,,,Domino's Pizza Special Edition Rolex Air-King,,trading,2000.0,2021-01-01,5.5,11000.0,,,,,,,,manual_seed,,Currently trading. Submitted offering_date was 2021-01.,2026-06-25,usable,,active,none,none,,,,,,,,,,,,,,
rally-gmtblack1,GMTBLACK1,1983 Rolex GMT-Master Nipple Dial,watches,rolex,,,,,,,Rolex,,1983.0,,,GMT-Master Nipple Dial,,trading,1000.0,2020-06-01,28.0,28000.0,,,,,,,,manual_seed,,Currently trading. Submitted offering_date was 2020-06.,2026-06-30,usable,,active,none,none,,,,,,,,,,,,,,
rally-riviera,RIVIERA,1965 Rolex 1601 Datejust Joyera Riviera,watches,rolex,,,,,,,Rolex,,1965.0,,,1601 Datejust Joyera Riviera,,trading,6000.0,2021-04-01,5.0,30000.0,,,,,,,,manual_seed,,Currently trading. Submitted offering_date was 2021-04.,2026-06-26,usable,,active,none,none,,,,,,,,,,,,,,
rally-rlexpepsi,RLEXPEPSI,Rolex GMT-Master II Pepsi Jubilee,watches,rolex,,,,,,,Rolex,,,,,GMT-Master II Pepsi Jubilee,,trading,2000.0,2019-11-01,8.9,17800.0,,,,,,,,manual_seed,,Currently trading. Submitted offering_date was 2019-11.,2026-06-29,usable,,active,none,none,,,,,,,,,,,,,,
rally-smurf,SMURF,Rolex Submariner Smurf,watches,rolex,,,,,,,Rolex,Submariner,,,,,,trading,2000.0,2019-11-01,17.25,34500.0,,,,,,,,manual_seed,,Currently trading. Submitted offering_date was 2019-11.,2026-06-29,usable,,active,none,none,,,,,,,,,,,,,,
rally-snoopy,SNOOPY,Omega Speedmaster Silver Snoopy,watches,omega,,,,,,,,,,,,Omega Speedmaster Silver Snoopy,,trading,2000.0,2020-04-01,12.75,25500.0,,,,,,,,manual_seed,,Currently trading. Submitted offering_date was 2020-04.,2026-06-29,usable,,active,none,none,,,,,,,,,,,,,,
rally-tornek,TORNEK,Tornek-Rayville TR-900,watches,tornek-rayville,,,,,,,,,,,,Tornek-Rayville TR-900,,trading,33000.0,2020-11-01,5.0,165000.0,,,,,,,,manual_seed,,Currently trading. Submitted offering_date was 2020-11.,2026-06-24,usable,,active,none,none,,,,,,,,,,,,,,
rally-00mouton,00MOUTON,2000 Château Mouton Rothschild,wine and whiskey,wine,,,,,,,,,2000.0,,,Chateau Mouton Rothschild,,trading,2000.0,2021-04-01,13.5,27000.0,,,,,,,,manual_seed,,Currently trading. Submitted offering_date was 2021-04.,2026-06-29,usable,,active,none,none,,,,,,,,,,,,,,
rally-03tache,03TACHE,2003 Domaine de la Romanée-Conti La Tâche,wine and whiskey,wine,,,,,,,,,2003.0,,,Domaine de la Romanee-Conti La Tache,,trading,15600.0,2020-11-01,5.0,78000.0,,,,,,,,manual_seed,,Currently trading. Submitted offering_date was 2020-11.,2026-06-25,usable,,active,none,none,,,,,,,,,,,,,,
rally-05latour,05LATOUR,2005 Château Latour,wine and whiskey,wine,,,,,,,,,2005.0,,,Chateau Latour,,trading,1000.0,2020-09-01,9.8,9800.0,,,,,,,,manual_seed,,Currently trading. Submitted offering_date was 2020-09.,2026-06-26,usable,,active,none,none,,,,,,,,,,,,,,
rally-06brm,06BRM,2006 Giacomo Conterno Barolo Riserva Monfortino,wine and whiskey,wine,,,,,,,,,2006.0,,,Giacomo Conterno Barolo Riserva Monfortino,,trading,1850.0,2020-12-01,10.0,18500.0,,,,,,,,manual_seed,,Currently trading. Submitted offering_date was 2020-12.,2026-06-26,usable,,active,none,none,,,,,,,,,,,,,,
rally-09beaux,09BEAUX,2009 Domaine Leroy Vosne-Romanée Les Beaux Monts,wine and whiskey,wine,,,,,,,,,2009.0,,,Domaine Leroy Vosne-Romanee Les Beaux Monts,,trading,6800.0,2021-01-01,5.0,34000.0,,,,,,,,manual_seed,,Currently trading. Submitted offering_date was 2021-01.,2026-06-29,usable,,active,none,none,,,,,,,,,,,,,,
rally-09rbleroy,09RBLEROY,2009 Domaine Leroy Richebourg,wine and whiskey,wine,,,,,,,,,2009.0,,,Domaine Leroy Richebourg,,trading,4300.0,2021-08-01,25.0,107500.0,,,,,,,,manual_seed,,Currently trading. Submitted offering_date was 2021-08.,2026-06-30,usable,,active,none,none,,,,,,,,,,,,,,
rally-11belair,11BELAIR,2011 Domaine du Comte Liger-Belair Vosne-Romanée Aux Reignots,wine and whiskey,wine,,,,,,,,,2011.0,,,Domaine du Comte Liger-Belair Vosne-Romanee Aux Reignots,,trading,2000.0,2021-03-01,11.0,22000.0,,,,,,,,manual_seed,,Currently trading. Submitted offering_date was 2021-03.,2026-06-29,usable,,active,none,none,,,,,,,,,,,,,,
rally-13beaux,13BEAUX,2013 Domaine Leroy Vosne-Romanée Les Beaux Monts,wine and whiskey,wine,,,,,,,,,2013.0,,,Domaine Leroy Vosne-Romanee Les Beaux Monts,,trading,5100.0,2020-11-01,5.0,25500.0,,,,,,,,manual_seed,,Currently trading. Submitted offering_date was 2020-11.,2026-06-26,usable,,active,none,none,,,,,,,,,,,,,,
rally-14drc,14DRC,2014 Domaine de la Romanée-Conti Assortment,wine and whiskey,wine,,,,,,,,,2014.0,,,Domaine de la Romanee-Conti Assortment,,trading,1000.0,2020-09-01,54.0,54000.0,,,,,,,,manual_seed,,Currently trading. Submitted offering_date was 2020-09.,2026-06-24,usable,,active,none,none,,,,,,,,,,,,,,
rally-16petrus,16PETRUS,2016 Château Pétrus,wine and whiskey,wine,,,,,,,,,2016.0,,,Chateau Petrus,,trading,9000.0,2020-09-01,5.2,46800.0,,,,,,,,manual_seed,,Currently trading. Submitted offering_date was 2020-09.,2026-06-26,usable,,active,none,none,,,,,,,,,,,,,,
rally-16screag,16SCREAG,2016 Screaming Eagle,wine and whiskey,wine,,,,,,,,,2016.0,,,Screaming Eagle,,trading,1000.0,2020-09-01,39.0,39000.0,,,,,,,,manual_seed,,Currently trading. Submitted offering_date was 2020-09.,2026-06-26,usable,,active,none,none,,,,,,,,,,,,,,
rally-17dujac,17DUJAC,2017 Domaine Dujac Wine Collection,wine and whiskey,wine,,,,,,,,,2017.0,,,Domaine Dujac Wine Collection,,exited,3250.0,2021-03-01,8.0,26000.0,2025-05-13,10.923077,35500.0,0.3653846153846154,,,,manual_seed,,Exited wine asset; final realized buyout displays approximately $10.92/share.,2025-03-27,limited,stale_quote_snapshot,inactive,buyout,completed,2025-05-13,,,,,,,,,,,,,
rally-karuizawa,KARUIZAWA,Karuizawa Aqua of Life 50-Year-Old Whisky,wine and whiskey,japanese whisky,,,,,,,,,,,,Karuizawa Aqua of Life 50-Year-Old Whisky,,trading,13000.0,2021-11-01,5.0,65000.0,,,,,,,,manual_seed,,Currently trading. Submitted offering_date was 2021-11.,2026-06-29,usable,,active,none,none,,,,,,,,,,,,,,
rally-macallan1,MACALLAN1,Macallan 30-Year-Old Blue Label Scotch Whisky,wine and whiskey,scotch whisky,,,,,,,,,,,,Macallan 30-Year-Old Blue Label Scotch Whisky,,trading,1000.0,2021-11-01,13.25,13250.0,,,,,,,,manual_seed,,Currently trading. Submitted offering_date was 2021-11.,2026-06-29,usable,,active,none,none,,,,,,,,,,,,,,
rally-macallan2,MACALLAN2,Macallan 40-Year-Old Whisky,wine and whiskey,scotch whisky,,,,,,,,,,,,Macallan 40-Year-Old Whisky,,trading,5000.0,2022-02-01,6.0,30000.0,,,,,,,,manual_seed,,Currently trading. Submitted offering_date was 2022-02.,2026-06-29,usable,,active,none,none,,,,,,,,,,,,,,
rally-macallan3,MACALLAN3,1938 Macallan Red Ribbon Whisky,wine and whiskey,scotch whisky,,,,,,,,,1938.0,,,Macallan Red Ribbon Whisky,,trading,4100.0,2022-07-01,5.0,20500.0,,,,,,,,manual_seed,,Currently trading. Submitted offering_date was 2022-07.,2026-06-26,usable,,active,none,none,,,,,,,,,,,,,,
rally-pappy1,PAPPY1,Pappy Van Winkle Bourbon Assortment,wine and whiskey,bourbon,,,,,,,,,,,,Pappy Van Winkle Bourbon Assortment,,trading,2000.0,2022-08-01,7.0,14000.0,,,,,,,,manual_seed,,Currently trading. Submitted offering_date was 2022-08.,2026-06-26,usable,,active,none,none,,,,,,,,,,,,,,
