date,active_asset_count,direct_observation_asset_count,carried_forward_asset_count,stale_asset_count,median_observation_age_days,max_observation_age_days,direct_coverage_pct,carried_forward_coverage_pct
2016-11-01,1,0,0,0,0.0,0,0.0,0.0
2017-11-01,2,0,1,1,182.5,365,0.0,0.40321743642968344
2018-03-01,3,0,2,1,120.0,485,0.0,0.31196373644163833
2018-07-01,4,0,3,3,182.0,607,0.0,0.638317660431952
2018-08-01,5,0,4,3,153.0,638,0.0,0.6615847405483011
2018-10-18,5,1,4,2,109.0,716,0.3162680371614944,0.6837319628385057
2018-11-01,6,0,5,3,107.5,730,0.0,0.975573696728161
2018-11-29,6,1,5,2,81.0,758,0.22497910908272803,0.775020890917272
2018-12-01,9,0,6,3,30.0,760,0.0,0.8176275818573606
2018-12-10,9,1,8,3,11.0,769,0.256182360014639,0.743817639985361
2019-01-01,10,0,9,3,32.0,791,0.0,0.957930585466019
2019-01-29,10,1,9,2,59.0,819,0.2478148713967292,0.7521851286032708
2019-02-21,10,1,9,2,82.0,842,0.1753111773397781,0.8246888226602219
2019-03-01,12,0,10,2,85.5,850,0.0,0.9048244918307689
2019-03-05,12,1,11,3,78.5,854,0.22207618572820595,0.777923814271794
2019-04-01,14,0,12,6,76.0,881,0.0,0.8386514376936087
2019-04-25,14,1,13,6,88.5,905,0.18190870098039216,0.8180912990196079
2019-05-01,15,0,14,6,69.0,911,0.0,0.9693729814010469
2019-05-30,15,1,14,7,90.0,940,0.12993280617737685,0.8700671938226232
2019-06-20,15,1,14,7,111.0,961,0.18190592864832758,0.8180940713516724
2019-07-11,15,1,14,8,132.0,982,0.050055493895671474,0.9499445061043286
2019-07-16,15,1,14,8,137.0,987,0.1601960045231813,0.8398039954768187
2019-08-29,15,1,14,10,181.0,1031,0.13355906696764486,0.8664409330323551
2019-09-01,19,0,15,11,153.0,1034,0.0,0.7974797479747975
2019-09-05,19,1,18,11,157.0,1038,0.14752623688155922,0.8524737631184408
2019-09-19,19,1,18,10,171.0,1052,0.024796114176061406,0.9752038858239386
2019-10-03,19,1,18,10,185.0,1066,0.10598427131973458,0.8940157286802655
2019-11-01,26,0,19,10,61.0,1095,0.0,0.9339262659589729
2019-11-05,26,1,25,10,65.0,1099,0.027159929098290354,0.9728400709017097
2019-11-12,26,1,25,11,72.0,1106,0.14016820184221065,0.8598317981577893
2019-11-19,26,1,25,11,79.0,1113,0.10155043194690772,0.8984495680530923
2019-12-01,28,0,26,11,91.0,1125,0.0,0.9750369564611051
2020-01-07,28,1,27,15,128.0,1162,0.0834441207252567,0.9165558792747434
2020-01-14,28,1,27,14,104.5,1169,0.038461538461538464,0.9615384615384616
2020-02-01,29,0,28,14,92.0,1187,0.0,0.985369931726348
2020-02-04,29,2,27,14,95.0,1190,0.164324865752205,0.835675134247795
2020-02-18,29,1,28,14,109.0,1204,0.09613238084607657,0.9038676191539234
2020-03-01,32,0,29,21,121.0,1216,0.0,0.9824542164711043
2020-03-17,32,1,31,20,137.0,1232,0.005479752315195353,0.9945202476848046
2020-04-01,33,0,32,22,152.0,1247,0.0,0.9930617908742143
2020-04-14,33,1,32,21,165.0,1260,0.004622328565990538,0.9953776714340095
2020-04-21,33,2,31,20,172.0,1267,0.04077188460879707,0.9592281153912029
2020-04-28,33,2,31,19,179.0,1274,0.08816020752611214,0.9118397924738878
2020-05-01,35,0,33,19,152.0,1277,0.0,0.9589772718307971
2020-05-05,35,1,34,18,156.0,1281,0.009463050729837788,0.9905369492701622
2020-05-12,35,1,34,17,101.0,1288,0.005257250405465438,0.9947427495945346
2020-05-19,35,1,34,17,108.0,1295,0.02652122879942861,0.9734787712005714
2020-05-26,35,1,34,17,115.0,1302,0.08577981772448579,0.9142201822755143
2020-06-01,40,0,35,18,92.0,1308,0.0,0.965225322079755
2020-06-02,40,2,38,17,85.0,1309,0.1446383658616762,0.8553616341383238
2020-06-09,40,1,39,17,76.5,1316,0.0063616954681826165,0.9936383045318173
2020-06-16,40,1,39,17,69.5,1323,0.007751406054229345,0.9922485939457707
2020-06-23,40,1,39,17,66.5,1330,0.006469995712042057,0.9935300042879579
2020-06-30,40,1,39,17,70.0,1337,0.006838438100737792,0.9931615618992622
2020-07-01,42,0,40,17,67.5,1338,0.0,0.9699074130938373
2020-07-21,42,1,41,17,84.0,1358,0.004494028835457151,0.9955059711645429
2020-07-28,42,1,41,17,89.5,1365,0.0035628258045823195,0.9964371741954177
2020-08-04,42,2,40,18,93.0,1372,0.07895331306811765,0.9210466869318824
2020-08-11,42,2,40,18,91.0,1379,0.03901208638600864,0.9609879136139914
2020-08-18,42,1,41,17,87.5,1386,0.008785969858494492,0.9912140301415056
2020-08-27,42,1,41,17,90.0,1395,0.024956814923196624,0.9750431850768033
2020-09-01,51,1,41,19,91.0,1400,0.06170640201237992,0.8074545626250226
2020-09-08,51,1,50,19,98.0,1407,0.003485427308237112,0.9965145726917629
2020-09-15,51,4,47,18,77.0,1414,0.15978217842967338,0.8402178215703267
2020-09-22,51,2,49,18,83.0,1421,0.11351114249339367,0.8864888575066063
2020-09-29,51,1,50,18,90.0,1428,0.006842651099635415,0.9931573489003646
2020-10-01,53,0,51,22,72.0,1430,0.0,0.9788594572531947
2020-10-06,53,1,52,21,70.0,1435,0.008795967033426767,0.9912040329665732
2020-10-13,53,2,51,20,70.0,1442,0.011294471983434775,0.9887055280165652
2020-10-20,53,2,51,20,70.0,1449,0.009930382790123973,0.9900696172098761
2020-10-27,53,1,52,20,70.0,1456,0.003052228649556068,0.9969477713504439
2020-11-01,59,0,53,22,61.0,1461,0.0,0.9362875301680013
2020-11-03,59,1,58,22,63.0,1463,0.05103099239868171,0.9489690076013183
2020-11-05,59,1,58,22,65.0,1465,0.01215219003598692,0.9878478099640131
2020-11-10,59,2,57,21,70.0,1470,0.06504609194540129,0.9349539080545987
2020-11-17,59,2,57,19,77.0,1477,0.009509373937399503,0.9904906260626005
2020-11-24,59,2,57,19,84.0,1484,0.025707976571208217,0.9742920234287917
2020-12-01,65,2,57,18,70.0,1491,0.017341854928157752,0.9256197003471984
2020-12-08,65,2,63,18,70.0,1498,0.04758610771815685,0.9524138922818431
2020-12-15,65,3,62,18,70.0,1505,0.030928913990261386,0.9690710860097386
2020-12-22,65,3,62,18,63.0,1512,0.021513655092639493,0.9784863449073605
2020-12-29,65,1,64,18,70.0,1519,0.006534612276603695,0.9934653877233963
2020-12-30,65,1,64,18,64.0,1520,0.02759313834673107,0.972406861653269
2021-01-01,70,0,65,23,61.0,1522,0.0,0.8938710096733695
2021-01-05,70,4,66,20,64.0,1526,0.04855678446182897,0.951443215538171
2021-01-12,70,1,69,20,69.0,1533,0.006959143785343927,0.9930408562146561
2021-01-14,70,1,69,20,67.5,1535,0.004633912627577407,0.9953660873724226
2021-01-19,70,1,69,20,70.0,1540,0.004302918868464735,0.9956970811315352
2021-01-21,70,2,68,21,65.0,1542,0.00950034779534103,0.990499652204659
2021-02-01,72,0,70,23,72.5,1553,0.0,0.9818311890351226
2021-02-02,72,2,70,22,66.5,1554,0.05157709358892219,0.9484229064110778
2021-02-09,72,4,68,22,70.0,1561,0.06317243864110494,0.936827561358895
2021-02-11,72,1,71,22,72.0,1563,0.016759659724221568,0.9832403402757784
2021-02-18,72,3,69,22,79.0,1570,0.04396094587146918,0.9560390541285309
2021-02-23,72,3,69,22,70.0,1575,0.010850113660180244,0.9891498863398197
2021-02-25,72,1,71,23,72.0,1577,0.0019339554223275154,0.9980660445776725
2021-03-01,74,0,72,23,76.0,1581,0.0,0.9923235618672935
2021-03-02,74,4,70,25,62.5,1582,0.10212401811591278,0.8978759818840872
2021-03-04,74,1,73,25,63.0,1584,0.008078262204234625,0.9919217377957654
2021-03-09,74,2,72,25,67.0,1589,0.02747657052292814,0.9725234294770718
2021-03-11,74,1,73,25,69.0,1591,0.005380308395387844,0.9946196916046122
2021-03-16,74,3,71,25,74.0,1596,0.014404007052699154,0.9855959929473008
2021-03-18,74,1,73,25,76.0,1598,0.004070226052214488,0.9959297739477855
2021-03-23,74,3,71,25,79.0,1603,0.01344262214995648,0.9865573778500435
2021-03-25,74,2,72,26,81.0,1605,0.007096925236747716,0.9929030747632522
2021-03-30,74,1,73,25,84.0,1610,0.00899971661509388,0.9910002833849061
2021-04-01,78,1,73,28,58.5,1612,0.005731922749603343,0.9673598843425365
2021-04-06,78,2,76,27,59.5,1617,0.005857620039427513,0.9941423799605725
2021-04-13,78,8,70,26,54.0,1624,0.0668314331859376,0.9331685668140625
2021-04-15,78,2,76,24,51.0,1626,0.012700600651241832,0.9872993993487582
2021-04-20,78,1,77,23,55.0,1631,0.007664209370478546,0.9923357906295215
2021-04-22,78,3,75,23,51.5,1633,0.032817523901412876,0.9671824760985871
2021-04-29,78,2,76,22,58.0,1640,0.033910613277576565,0.9660893867224234
2021-05-01,81,0,78,22,60.0,1642,0.0,0.9299317546057757
2021-05-04,81,1,80,26,61.0,1645,0.0018763442968745794,0.9981236557031254
2021-05-06,81,1,80,26,63.0,1647,0.006306765698270485,0.9936932343017295
2021-05-10,81,1,80,26,62.0,1651,0.006252783180705434,0.9937472168192946
2021-05-11,81,1,80,26,63.0,1652,0.002905546637718984,0.997094453362281
2021-05-12,81,1,80,25,62.0,1653,0.008760384326538197,0.9912396156734617
2021-05-13,81,1,80,25,58.0,1654,0.014216417618984385,0.9857835823810156
2021-05-14,81,1,80,25,59.0,1655,0.002969608402428827,0.9970303915975711
2021-05-17,81,2,79,24,60.0,1658,0.07534020936082791,0.924659790639172
2021-05-19,81,1,80,23,57.0,1660,0.003946250227561267,0.9960537497724388
2021-05-21,81,1,80,23,59.0,1662,0.006053350728751744,0.9939466492712482
2021-05-24,81,1,80,22,60.0,1665,0.03221891419836677,0.9677810858016332
2021-05-25,81,1,80,22,61.0,1666,0.005361744117221939,0.9946382558827781
2021-05-28,81,1,80,22,59.0,1669,0.008074915839189666,0.9919250841608104
2021-05-31,81,2,79,22,60.0,1672,0.02320621823366467,0.9767937817663354
2021-06-01,82,1,80,22,61.0,1673,0.004084172390514149,0.9884682191326659
2021-06-03,82,1,81,25,63.0,1675,0.006230364940823545,0.9937696350591765
2021-06-07,82,1,81,25,64.5,1679,0.0035227533840449694,0.996477246615955
2021-06-11,82,1,81,25,66.0,1683,0.007480920057257812,0.9925190799427422
2021-06-14,82,1,81,25,65.5,1686,0.004475764136820912,0.9955242358631791
2021-06-15,82,1,81,25,63.0,1687,0.0050259955659550225,0.9949740044340449
2021-06-16,82,1,81,25,64.0,1688,0.009249934014479336,0.9907500659855206
2021-06-17,82,1,81,25,65.0,1689,0.004069091215029441,0.9959309087849706
2021-06-18,82,1,81,24,66.0,1690,0.025889260185469224,0.9741107398145308
2021-06-21,82,2,80,22,69.0,1693,0.015503032828281818,0.9844969671717182
2021-06-22,82,1,81,21,70.0,1694,0.0506419767756692,0.9493580232243308
2021-06-23,82,1,81,21,71.0,1695,0.00733009029954175,0.9926699097004582
2021-06-24,82,1,81,22,71.0,1696,0.0024699217313673286,0.9975300782686327
2021-06-25,82,1,81,22,72.0,1697,0.009304615208433321,0.9906953847915667
2021-06-28,82,1,81,23,71.5,1700,0.007719474612238244,0.9922805253877618
2021-07-01,82,0,81,26,74.5,1703,0.0,0.9811820864440063
2021-07-06,82,1,81,26,75.0,1708,0.0023833781327408337,0.9976166218672592
2021-07-07,82,1,81,25,76.0,1709,0.002980624762481464,0.9970193752375185
2021-07-08,82,1,81,25,73.5,1710,0.0037639368583908934,0.9962360631416091
2021-07-14,82,1,81,25,79.5,1716,0.007661873695575776,0.9923381263044242
2021-07-16,82,1,81,26,77.0,1718,0.02123433567059572,0.9787656643294043
2021-07-20,82,2,80,25,80.0,1722,0.00502237185030985,0.9949776281496902
2021-07-22,82,1,81,25,80.5,1724,0.022210395794727455,0.9777896042052725
2021-07-23,82,1,81,25,80.5,1725,0.0015646507836357868,0.9984353492163642
2021-07-26,82,1,81,24,78.5,1728,0.01865902994035719,0.9813409700596428
2021-07-27,82,2,80,23,75.5,1729,0.036901352830642886,0.9630986471693571
2021-07-30,82,1,81,23,77.5,1732,0.010023203716603937,0.9899767962833961
2021-08-01,84,0,82,27,77.5,1734,0.0,0.9341010975588238
2021-08-04,84,1,83,26,79.0,1737,0.005550753941413268,0.9944492460585868
2021-08-05,84,2,82,26,79.0,1738,0.09974154433062624,0.9002584556693738
2021-08-06,84,1,83,26,78.0,1739,0.014424239005355891,0.9855757609946441
2021-08-10,84,2,82,26,77.5,1743,0.010490612846583336,0.9895093871534166
2021-08-11,84,1,83,26,73.5,1744,0.004203355488816403,0.9957966445111835
2021-08-13,84,1,83,30,74.0,1746,0.005839455563345452,0.9941605444366546
2021-08-16,84,2,82,29,76.0,1749,0.01052869335714146,0.9894713066428585
2021-08-17,84,1,83,29,76.0,1750,0.007097823984611918,0.9929021760153881
2021-08-19,84,1,83,29,75.0,1752,0.003973371316871041,0.996026628683129
2021-08-20,84,1,83,28,72.0,1753,0.0026107318346179566,0.9973892681653821
2021-08-24,84,1,83,28,72.5,1757,0.0031898130131611684,0.9968101869868389
2021-08-25,84,1,83,28,71.5,1758,0.004036709982217231,0.9959632900177827
2021-08-26,84,1,83,28,71.5,1759,0.006692013701278423,0.9933079862987215
2021-08-27,84,1,83,27,71.5,1760,0.005656784499844792,0.9943432155001553
2021-08-30,84,1,83,30,73.5,1763,0.008237401195377723,0.9917625988046223
2021-09-01,84,1,83,29,73.5,1765,0.005086610134646809,0.9949133898653532
2021-09-03,84,1,83,29,74.0,1767,0.02178478191523598,0.978215218084764
2021-09-08,84,2,82,29,77.5,1772,0.02164350648845597,0.9783564935115441
2021-09-10,84,1,83,31,79.5,1774,0.010128919292584759,0.9898710807074153
2021-09-13,84,1,83,33,82.0,1777,0.005791234472252571,0.9942087655277474
2021-09-14,84,1,83,32,80.0,1778,0.007556632349169407,0.9924433676508306
2021-09-15,84,2,82,33,79.5,1779,0.017451228139331077,0.9825487718606689
2021-09-17,84,1,83,32,75.5,1781,0.0033763703315525325,0.9966236296684474
2021-09-20,84,1,83,32,75.5,1784,0.0044727468361997124,0.9955272531638003
2021-09-21,84,2,82,32,71.0,1785,0.04719552381052861,0.9528044761894714
2021-09-22,84,2,82,31,66.0,1786,0.0249661922718583,0.9750338077281417
2021-09-24,84,1,83,30,66.0,1788,0.006217925691586685,0.9937820743084134
2021-09-27,84,1,83,30,68.0,1791,0.0018832273055357782,0.9981167726944642
2021-09-28,84,1,83,29,67.5,1792,0.017295938241932686,0.9827040617580673
2021-09-30,84,2,82,28,65.0,1794,0.007985623091132961,0.9920143769088671
2021-10-01,87,1,83,28,61.0,1795,0.004903140853462433,0.9018360872430511
2021-10-04,87,1,86,27,64.0,1798,0.004181606607316865,0.9958183933926832
2021-10-05,87,1,86,26,62.0,1799,0.011090817900504386,0.9889091820994956
2021-10-12,87,1,86,26,68.0,1806,0.003658625050858042,0.996341374949142
2021-10-15,87,1,86,27,71.0,1809,0.007059587329301385,0.9929404126706987
2021-10-18,87,2,85,27,73.0,1812,0.010309245908242677,0.9896907540917573
2021-10-21,87,1,86,28,72.0,1815,0.0019497284531420503,0.998050271546858
2021-10-22,87,1,86,27,73.0,1816,0.037736679738233234,0.9622633202617668
2021-10-26,87,1,86,27,76.0,1820,0.002591219414019629,0.9974087805859804
2021-10-28,87,1,86,26,76.0,1822,0.0027422332219039025,0.9972577667780961
2021-10-29,87,1,86,26,74.0,1823,0.0062832027997951675,0.9937167972002048
2021-11-01,89,2,85,25,73.0,1826,0.021983413225671378,0.968235764685295
2021-11-03,89,1,88,25,71.0,1828,0.005769204376310828,0.9942307956236892
2021-11-04,89,2,87,25,70.0,1829,0.021786573743817282,0.9782134262561827
2021-11-08,89,1,88,25,73.0,1833,0.011863922062773886,0.9881360779372261
2021-11-09,89,1,88,24,71.0,1834,0.009271495912588119,0.9907285040874119
2021-11-10,89,1,88,24,70.0,1835,0.005227354121815398,0.9947726458781846
2021-11-11,89,2,87,23,64.0,1836,0.008703477011110445,0.9912965229888896
2021-11-15,89,1,88,23,68.0,1840,0.003204846522943378,0.9967951534770566
2021-11-17,89,1,88,23,68.0,1842,0.008276710150417109,0.9917232898495829
2021-12-01,93,0,89,29,78.0,1856,0.0,0.9504083936594684
2021-12-20,93,1,92,37,97.0,1875,0.008140154586254522,0.9918598454137455
2021-12-28,93,1,92,40,104.0,1883,0.006944180402497193,0.9930558195975028
2021-12-30,93,1,92,39,104.0,1885,0.02372790338996809,0.9762720966100319
2021-12-31,93,1,92,39,102.0,1886,0.002974482804366184,0.9970255171956338
2022-01-01,97,0,93,39,102.0,1887,0.0,0.9799459531778815
2022-01-03,97,5,92,39,103.0,1889,0.03684462931871608,0.9631553706812839
2022-01-10,97,8,89,38,101.0,1896,0.07340947118110898,0.926590528818891
2022-01-18,97,3,94,37,98.0,1904,0.013199070533217344,0.9868009294667827
2022-01-24,97,6,91,36,90.0,1910,0.02070836651036598,0.979291633489634
2022-01-31,97,7,90,38,89.0,1917,0.04490344688091187,0.9550965531190881
2022-02-01,100,0,97,38,89.0,1918,0.0,0.9913891739504819
2022-02-07,100,3,97,36,88.5,1924,0.02286872710459864,0.9771312728954014
2022-02-14,100,4,96,36,75.0,1931,0.015729830432048224,0.9842701695679518
2022-02-22,100,1,99,37,83.0,1939,0.013302768638722933,0.9866972313612771
2022-02-28,100,2,98,36,79.5,1945,0.07528487797826977,0.9247151220217302
2022-03-01,103,0,100,36,63.0,1946,0.0,0.9941322987019208
2022-03-07,103,1,102,41,67.0,1952,0.0071907096031926755,0.9928092903968073
2022-03-24,103,1,102,45,84.0,1969,0.035269783957628434,0.9647302160423715
2022-03-25,103,9,94,42,83.0,1970,0.028748047529572895,0.9712519524704271
2022-03-28,103,23,80,37,77.0,1973,0.11757454342211725,0.8824254565778827
2022-03-29,103,11,92,32,50.0,1974,0.05842575535421131,0.9415742446457886
2022-03-30,103,9,94,30,5.0,1975,0.09102693913099293,0.9089730608690071
2022-03-31,103,10,93,25,3.0,1976,0.05334621938632723,0.9466537806136728
2022-04-01,104,2,101,28,4.0,1977,0.0069199074623475625,0.9910384454899379
2022-04-04,104,1,103,27,7.0,1980,0.0031872266156370435,0.9968127733843629
2022-04-11,104,3,101,24,14.0,1987,0.05289837694972677,0.9471016230502732
2022-05-01,107,0,104,24,34.0,2007,0.0,0.9734279002081068
2022-05-09,107,1,106,25,42.0,2015,0.009775609853415728,0.9902243901465843
2022-06-23,107,1,106,29,87.0,2060,0.006244165646827989,0.993755834353172
2022-06-24,107,5,102,29,88.0,2061,0.011175410088689157,0.9888245899113108
2022-06-27,107,30,77,28,89.0,2064,0.14945882929336232,0.8505411707066377
2022-06-28,107,5,102,28,89.0,2065,0.0733718238184557,0.9266281761815444
2022-06-29,107,11,96,28,59.0,2066,0.11711305998187199,0.8828869400181281
2022-06-30,107,17,90,30,3.0,2067,0.09355990778264218,0.9064400922173578
2022-07-01,110,4,103,30,4.0,2068,0.05077262554734044,0.9304784365266934
2022-08-01,115,0,110,31,35.0,2099,0.0,0.9838367088084384
2022-09-26,115,16,99,33,91.0,2155,0.12016072880082204,0.8798392711991779
2022-09-27,115,15,100,33,91.0,2156,0.06557372518734714,0.9344262748126528
2022-09-28,115,12,103,33,90.0,2157,0.0895625981744459,0.9104374018255541
2022-09-29,115,14,101,32,59.0,2158,0.09404539696162459,0.9059546030383754
2022-09-30,115,17,98,31,3.0,2159,0.11797997482227167,0.8820200251777284
2022-10-01,116,0,115,31,4.0,2160,0.0,0.9847590388806062
2022-10-03,116,2,114,30,6.0,2162,0.004509235248935683,0.9954907647510643
2022-10-10,116,3,113,27,13.0,2169,0.009097444659508989,0.990902555340491
2022-10-17,116,1,115,26,20.0,2176,0.0008706600737669813,0.999129339926233
2022-10-31,116,1,115,29,34.0,2190,0.015717005152404102,0.9842829948475958
2022-12-05,116,2,114,32,69.0,2225,0.005493026907509079,0.9945069730924909
2022-12-23,116,1,115,32,87.0,2243,0.007354496914529844,0.9926455030854702
2022-12-27,116,20,96,32,90.0,2247,0.0951293115257538,0.9048706884742462
2022-12-28,116,12,104,30,90.0,2248,0.0837681666317213,0.9162318333682787
2022-12-29,116,16,100,30,90.0,2249,0.06130272759735206,0.9386972724026479
2022-12-30,116,39,77,24,2.0,2250,0.32403241916836417,0.6759675808316358
2023-03-13,116,1,115,25,75.0,2323,0.0052474018801440935,0.994752598119856
2023-03-24,116,2,114,25,86.0,2334,0.0301909009017278,0.9698090990982722
2023-03-27,116,14,102,25,88.0,2337,0.06855027718639443,0.9314497228136056
2023-03-28,116,11,105,25,88.5,2338,0.09000226498792115,0.9099977350120788
2023-03-29,116,16,100,22,89.0,2339,0.13873977124850917,0.8612602287514908
2023-03-30,116,21,95,22,3.0,2340,0.13036036219817881,0.8696396378018212
2023-03-31,116,29,87,22,2.0,2341,0.1714572770874604,0.8285427229125396
2023-06-23,115,1,114,22,86.0,2425,0.038542477664634194,0.9614575223353659
2023-06-26,115,14,101,22,88.0,2428,0.10101562150020159,0.8989843784997984
2023-06-27,115,14,101,22,89.0,2429,0.09919064069588529,0.9008093593041148
2023-06-28,115,15,100,22,90.0,2430,0.10824175754202893,0.8917582424579711
2023-06-29,115,21,94,22,3.0,2431,0.142959543961536,0.857040456038464
2023-06-30,115,28,87,22,2.0,2432,0.1410044571392497,0.8589955428607503
2023-09-22,115,1,114,22,86.0,2516,0.007474992605556884,0.9925250073944432
2023-09-25,115,12,103,22,89.0,2519,0.08822685864919892,0.9117731413508011
2023-09-26,115,18,97,22,89.0,2520,0.14071045349075442,0.8592895465092456
2023-09-27,115,13,102,22,89.0,2521,0.09360495430563298,0.906395045694367
2023-09-28,115,18,97,22,3.0,2522,0.07480698045799507,0.925193019542005
2023-09-29,115,31,84,22,2.0,2523,0.21024986262943443,0.7897501373705655
2023-12-26,114,5,109,22,90.0,2611,0.11087063406097707,0.8891293659390229
2023-12-27,114,4,110,22,91.0,2612,0.01704224299932561,0.9829577570006743
2023-12-28,114,13,101,22,91.0,2613,0.07212354805332957,0.9278764519466705
2023-12-29,114,70,44,22,0.0,2614,0.3944208295328613,0.6055791704671387
2024-03-22,113,2,111,21,84.0,2698,0.008107618265591704,0.9918923817344083
2024-03-25,113,17,96,21,87.0,2701,0.14089795367200117,0.8591020463279988
2024-03-26,113,16,97,21,88.0,2702,0.1581815461837096,0.8418184538162904
2024-03-27,113,9,104,21,89.0,2703,0.056422681585855165,0.9435773184141448
2024-03-28,113,44,69,21,2.0,2704,0.20149238023784385,0.7985076197621561
2024-04-01,113,2,111,21,6.0,2708,0.09133986012141276,0.9086601398785872
2024-04-02,113,1,112,21,7.0,2709,0.003956909258178437,0.9960430907418215
2024-06-21,113,2,111,22,86.0,2789,0.011474280137295697,0.9885257198627043
2024-06-24,113,16,97,22,88.0,2792,0.08298067926262742,0.9170193207373726
2024-06-25,113,10,103,21,89.0,2793,0.05264531293443031,0.9473546870655697
2024-06-26,113,17,96,21,90.0,2794,0.08267800911164726,0.9173219908883528
2024-06-27,113,17,96,21,3.0,2795,0.15140376697038346,0.8485962330296165
2024-06-28,113,29,84,21,2.0,2796,0.23370181250570818,0.7662981874942918
2024-07-01,113,1,112,21,5.0,2799,0.018899604289535188,0.9811003957104648
2024-09-23,112,1,111,20,89.0,2883,0.007557801152227274,0.9924421988477727
2024-09-24,112,6,106,20,90.0,2884,0.08731151459095589,0.9126884854090441
2024-09-25,112,13,99,20,91.0,2885,0.10436334666846943,0.8956366533315305
2024-09-26,112,17,95,20,91.0,2886,0.13409076597253755,0.8659092340274624
2024-09-27,112,27,85,20,2.0,2887,0.1576452891693859,0.8423547108306141
2024-09-30,112,27,85,20,4.0,2890,0.1587448732702874,0.8412551267297126
2024-10-02,112,1,111,20,6.0,2892,0.004916690525437017,0.995083309474563
2024-12-01,112,0,111,19,65.5,2952,0.0,0.35216499391741823
2024-12-23,112,1,111,19,87.0,2974,0.01387530754971946,0.9861246924502806
2024-12-24,112,2,110,19,88.0,2975,0.0024831645674990442,0.9975168354325009
2024-12-26,112,7,105,19,90.0,2977,0.01199818753384273,0.9880018124661573
2024-12-27,112,31,81,19,91.0,2978,0.06429759993689604,0.9357024000631039
2024-12-30,112,31,81,19,3.0,2981,0.10242850571680662,0.8975714942831934
2024-12-31,112,19,93,19,4.0,2982,0.034415212320699134,0.9655847876793009
2025-03-24,111,2,109,19,87.0,3065,0.0024889079479520704,0.9975110920520479
2025-03-25,111,1,110,19,88.0,3066,0.003896601667414893,0.9961033983325851
2025-03-26,111,6,105,19,89.0,3067,0.007553150069687785,0.9924468499303122
2025-03-27,111,15,96,19,87.0,3068,0.04665258191498937,0.9533474180850107
2025-03-28,111,30,81,19,87.0,3069,0.06704544379146202,0.932954556208538
2025-03-31,111,35,76,19,3.0,3072,0.09409853963749382,0.9059014603625062
2025-04-01,111,2,109,20,4.0,3073,0.003055462208122984,0.996944537791877
2025-06-23,109,1,108,20,87.0,3156,0.012879163159678488,0.9871208368403215
2025-06-24,109,7,102,20,88.0,3157,0.013082382304439357,0.9869176176955606
2025-06-25,109,11,98,20,89.0,3158,0.012691880506717181,0.9873081194932828
2025-06-26,109,10,99,20,87.0,3159,0.023391938212131442,0.9766080617878685
2025-06-27,109,30,79,20,3.0,3160,0.07492659642764901,0.925073403572351
2025-06-30,109,27,82,20,3.0,3163,0.05899439950337164,0.9410056004966284
2025-07-02,109,2,107,20,5.0,3165,0.02287412548385961,0.9771258745161404
2025-09-01,110,0,109,21,66.0,3226,0.0,0.6254694553112401
2025-09-22,110,1,109,21,87.0,3247,0.007495102325385477,0.9925048976746145
2025-09-24,110,3,107,21,89.0,3249,0.006024834373284523,0.9939751656267155
2025-09-25,110,9,101,21,90.0,3250,0.01437556370380369,0.9856244362961963
2025-09-26,110,27,83,20,88.0,3251,0.035190629293943954,0.964809370706056
2025-09-29,110,34,76,20,3.0,3254,0.057273309021030734,0.9427266909789692
2025-09-30,110,13,97,20,4.0,3255,0.008727107946015557,0.9912728920539844
2025-10-01,110,1,109,20,5.0,3256,0.0009057915633215105,0.9990942084366785
2025-12-24,110,2,108,21,89.0,3340,0.020660407669052843,0.9793395923309471
2025-12-26,110,15,95,21,88.0,3342,0.014688571231591157,0.9853114287684088
2025-12-29,110,24,86,20,91.0,3345,0.025090596889371687,0.9749094031106283
2025-12-30,110,25,85,20,4.0,3346,0.030128475307111303,0.9698715246928887
2025-12-31,110,23,87,21,2.0,3347,0.04167796438917651,0.9583220356108235
2026-03-23,109,1,108,20,84.0,3429,0.012659887598283681,0.9873401124017164
2026-03-24,109,1,108,20,85.0,3430,0.001054917497916538,0.9989450825020835
2026-03-25,109,4,105,20,86.0,3431,0.003959858963927312,0.9960401410360726
2026-03-26,109,13,96,20,86.0,3432,0.01838717646152118,0.9816128235384788
2026-03-27,109,32,77,20,86.0,3433,0.03066036509007384,0.9693396349099261
2026-03-30,109,25,84,20,3.0,3436,0.05058895866612223,0.9494110413338778
2026-03-31,109,12,97,20,4.0,3437,0.014312207492809283,0.9856877925071907
2026-04-01,109,1,108,20,5.0,3438,0.001975656508624938,0.998024343491375
2026-04-13,109,1,108,20,17.0,3450,0.003756867271607453,0.9962431327283926
2026-04-17,109,1,108,20,21.0,3454,0.003756867271607453,0.9962431327283926
2026-04-21,109,1,108,20,25.0,3458,0.003756867271607453,0.9962431327283926
2026-04-30,109,1,108,20,34.0,3467,0.003756867271607453,0.9962431327283926
2026-06-22,109,1,108,20,87.0,3520,0.00813807158963139,0.9918619284103686
2026-06-24,109,5,104,20,89.0,3522,0.007159950651000637,0.9928400493489994
2026-06-25,109,6,103,20,90.0,3523,0.004753192480015311,0.9952468075199847
2026-06-26,109,28,81,20,88.0,3524,0.04430628416552714,0.9556937158344728
2026-06-29,109,33,76,20,3.0,3527,0.04944234379285991,0.9505576562071401
2026-06-30,109,13,96,20,4.0,3528,0.019483027111206492,0.9805169728887935
2026-07-01,109,2,107,20,5.0,3529,0.0031812216686513037,0.9968187783313487
2026-07-02,109,2,107,20,6.0,3530,0.0009931571919545566,0.9990068428080454
2026-07-08,109,1,108,20,12.0,3536,0.00031952037741206943,0.9996804796225879
2026-07-09,109,2,107,20,13.0,3537,0.0018975771631026496,0.9981024228368973
2026-07-22,108,1,107,19,26.0,3550,0.00034778971764197074,0.9996522102823581
2026-07-23,108,2,106,19,27.0,3551,0.0036968009346063763,0.9963031990653937
