asset_id,bid_ask_spread_pct,turnover,days_since_last_trade,days_with_zero_trades,realized_volatility,max_drawdown,return_since_offering,stale_mark_flag
rally-00mouton,,0.0,1767,20,2.425176387501756,-0.46071428571428574,-0.41481481481481475,True
rally-03tache,,0.0,1930,21,1.5208410660921012,-0.19000000000000006,-0.19000000000000006,True
rally-05latour,,0.0,2049,23,2.0233510467022775,-0.30722891566265065,0.26020408163265296,True
rally-06brm,,0.0,1965,21,2.5094203292026913,-0.42713567839195976,-0.17500000000000004,True
rally-09beaux,,0.0,1901,21,3.2614442599295907,-0.34558823529411764,0.08000000000000007,True
rally-09rbleroy,,0.0,1637,19,0.9328640423493781,-0.1312910284463895,-0.16000000000000003,True
rally-11belair,,0.0,1852,21,1.2038967990760236,-0.2010309278350515,-0.2272727272727273,True
rally-13beaux,,0.0,1986,22,3.5283617222346297,-0.33644859813084116,0.56,True
rally-14drc,,0.0,2049,23,1.7391784752573833,-0.2962962962962963,-0.033333333333333326,True
rally-16petrus,,0.0,1949,22,1.4377338389740877,-0.19999999999999996,-0.1923076923076923,True
rally-16screag,,0.0,2056,22,0.7277499674213118,-0.2517899761336515,-0.19615384615384612,True
rally-17dujac,,0.0,1872,15,4.538998101867735,-0.5233333333333333,0.17500000000000004,True
rally-59bond,,0.0,1868,20,3.9735566545590313,-0.6758620689655173,-0.4375,True
rally-59jfk,,0.0,1972,22,2.9692568929619365,-0.5958333333333334,-0.42307692307692313,True
rally-62bond,,0.0,1908,21,2.5025873017648954,-0.4736842105263158,-0.5583333333333333,True
rally-79stella,,0.0,1935,22,3.7677609627439113,-0.4244604316546763,0.18000000000000016,True
rally-7orlex,,0.0,2273,10,2.5004382319298117,-0.39,-0.025000000000000022,True
rally-93daytona,,0.0,2035,23,2.310834505004421,-0.41400000000000003,-0.13809523809523805,True
rally-aghowl,,0.0,2231,26,7.41318280798882,-0.8461538461538461,0.026315789473684292,True
rally-alice,,0.0,2007,22,5.620253705105401,-0.627906976744186,1.0,True
rally-anmlfarm,,0.0,1986,22,3.206183051513103,-0.5714285714285714,1.3449999999999998,True
rally-aproak,,0.0,2252,5,1.7517377184422094,-0.45270270270270274,-0.4580000000000001,True
rally-birkinblu,,0.0,2287,20,1.7680069947933612,-0.5509745127436283,-0.4672413793103448,True
rally-birkinbor,,0.0,2070,22,3.0780828321761025,-0.595,-0.35238095238095235,True
rally-birkintan,,0.0,1402,16,2.4496849916524126,-0.375,-0.08571428571428563,True
rally-bond1,,0.0,2126,24,1.5793953116493673,-0.6420927467300832,-0.6128205128205129,True
rally-bondwatch,,0.0,1392,16,2.3124901852194206,-0.2727272727272727,-0.48750000000000004,True
rally-bradbury,,0.0,1392,16,2.8932034020294988,-0.4475138121546962,-0.4444444444444444,True
rally-brosgrimm,,0.0,1651,20,3.080846272917964,-0.3811881188118812,-0.2592592592592593,True
rally-churchill,,0.0,2084,23,4.978762782154632,-0.7767857142857143,2.15,True
rally-congress,,0.0,1728,20,2.1626886794017848,-0.631578947368421,-0.45833333333333337,True
rally-deaton,,0.0,1896,21,2.335503976592188,-0.33333333333333337,-0.050000000000000044,True
rally-dimaggio2,,0.0,1991,22,2.8471355612639693,-0.6111111111111112,-0.04761904761904767,True
rally-dominos,,0.0,1916,21,4.148739976274566,-0.5806451612903225,-0.07272727272727275,True
rally-dune,,0.0,1958,22,4.488093933118564,-0.5,0.9886792452830189,True
rally-faubourg,,0.0,2041,9,3.8142696024256986,-0.46631087391594395,-0.21733333333333327,True
rally-faubourg2,,0.0,1871,14,2.0777525389364095,-0.38983050847457623,0.0,True
rally-frost,,0.0,2294,27,4.711883676943947,-0.696969696969697,0.16888888888888887,True
rally-gatsby,,0.0,2035,22,2.2277482564807563,-0.5386533665835411,-0.52,True
rally-gmtblack1,,0.0,2119,24,1.6510740958830727,-0.30000000000000004,0.017857142857142794,True
rally-grapes,,0.0,1965,20,3.6925029805802203,-0.5398457583547558,-0.3358974358974359,True
rally-gwtw,,0.0,1406,16,5.214829254941177,-0.6082474226804124,-0.32000000000000006,True
rally-hgwells,,0.0,1735,18,2.4511574467161528,-0.6581196581196581,-0.6290322580645162,True
rally-himalaya,,0.0,2147,24,2.6249041039993264,-0.4793333333333334,-0.33000000000000007,True
rally-holmes,,0.0,1585,18,1.204063148157525,-0.32105263157894737,-0.355,True
rally-huckfinn,,0.0,1739,19,4.213511985128378,-0.5091743119266056,-0.509090909090909,True
rally-irobot,,0.0,1588,18,3.066625628894482,-0.42439024390243896,0.13749999999999996,True
rally-jekyll,,0.0,1313,15,6.60429985523813,-0.5833333333333333,-0.30000000000000004,True
rally-karuizawa,,0.0,1585,18,1.3504041413648151,-0.5,-0.35,True
rally-keller,,0.0,1399,17,5.03397929611081,-0.61,-0.29000000000000004,True
rally-kerouac,,0.0,1903,21,3.6855717665494816,-0.6,-0.7025,True
rally-lotf,,0.0,1403,16,2.9405705881629514,-0.5755395683453237,-0.4642857142857143,True
rally-lotr,,0.0,2133,23,4.769363989216283,-0.6169230769230769,1.5862068965517242,True
rally-macallan1,,0.0,1586,18,2.472907398241544,-0.4979919678714859,-0.05660377358490565,True
rally-macallan2,,0.0,1497,17,3.8658413084060643,-0.5146443514644352,-0.033333333333333326,True
rally-macallan3,,0.0,1311,15,1.3566649301911058,-0.23448275862068968,0.26,True
rally-marx,,0.0,1622,19,2.0424725586026846,-0.6714285714285715,-0.6933333333333334,True
rally-megalodon,,0.0,1311,15,3.3735724466080947,-0.36,-0.7025,True
rally-mobydick,,0.0,1588,18,3.6770205203862476,-0.5973154362416108,-0.5214285714285714,True
rally-mosasaur,,0.0,1868,21,3.703784768337484,-0.5121951219512195,0.14000000000000012,True
rally-newton,,0.0,1745,20,1.3213423174602021,-0.4099999999999999,-0.31500000000000006,True
rally-newworld,,0.0,1385,17,4.503669456654408,-0.4591836734693878,-0.17142857142857149,True
rally-pappy1,,0.0,1313,15,3.9149548737932487,-0.34545454545454546,3.6499999999999995,True
rally-picnic,,0.0,1921,21,4.253779012395219,-0.5766283524904214,-0.5074074074074073,True
rally-rabbit,,0.0,1238,15,4.182180721708903,-0.44999999999999996,0.03260869565217406,True
rally-riviera,,0.0,1767,20,2.299874464310698,-0.3564356435643564,-0.3400000000000001,True
rally-rlexpepsi,,0.0,2329,26,2.2162021629912947,-0.3939393939393939,0.12359550561797739,True
rally-roosevelt,,0.0,2245,24,8.858524147972204,-0.825,0.01538461538461533,True
rally-shkspr4,,0.0,2091,23,2.9581268607827633,-0.7625,-0.34782608695652173,True
rally-smurf,,0.0,2280,23,2.191009288417105,-0.4444444444444444,0.04637681159420293,True
rally-snoopy,,0.0,2175,24,3.003370636559922,-0.5495495495495495,0.07843137254901955,True
rally-soblack,,0.0,2035,23,3.658761965198751,-0.5292035398230088,-0.37410714285714286,True
rally-tkam,,0.0,1937,21,3.056392268684368,-0.5277777777777778,-0.21875,True
rally-tornek,,0.0,1735,20,2.372630726734384,-0.525,-0.53,True
rally-treasure,,0.0,1311,15,4.523036348143119,-0.5222222222222223,-0.38,True
rally-twocities,,0.0,2301,26,2.7920072494742545,-0.6862068965517241,-0.06206896551724139,True
rally-ulysses,,0.0,2238,24,2.6185925868679583,-0.5491803278688525,-0.3137254901960784,True
rally-walden,,0.0,1741,20,3.890710919858803,-0.43661971830985913,0.5121951219512195,True
rally-wildthing,,0.0,1587,18,3.573844780968251,-0.5314285714285715,-0.22777777777777775,True
rally-wzrdofoz,,0.0,1762,18,2.441788781085691,-0.5938566552901023,-0.59,True
rally-yoko,,0.0,2154,24,2.233499679097501,-0.6059113300492611,-0.474375,True
rally-93xj1,,0.0,2742,30,2.0507694935684193,-0.47448206164729667,-0.1515151515151515,True
rally-83fb1,,0.0,2803,30,2.4032854248233226,-0.5070422535211268,-0.2985714285714286,True
rally-63cc1,,0.0,2579,27,1.7675274925564814,-0.3717948717948718,0.09523809523809534,True
rally-65fm1,,0.0,2509,27,3.0154521917239343,-0.6607142857142857,-0.15393939393939393,True
rally-55ps1,,0.0,2845,31,1.8856384493739942,-0.5800000000000001,-0.3294117647058824,True
rally-65ag1,,0.0,2537,25,2.973410577841075,-0.6814814814814816,-0.4957983193277311,True
rally-82av1,,0.0,1503,17,3.136744808210558,-0.2792792792792792,-0.44999999999999996,True
rally-94fs1,,0.0,2378,25,2.0543279695937646,-0.43529411764705883,-0.19999999999999996,True
rally-94dv1,,0.0,2677,29,1.7473685696214272,-0.3826086956521739,0.04347826086956519,True
rally-99ss1,,0.0,2399,26,1.8185513068942107,-0.29328621908127206,0.19999999999999996,True
rally-69bm1,,0.0,2915,28,3.0062977225572958,-0.5337209302325581,-0.13043478260869568,True
rally-92ld1,,0.0,2677,28,2.8366321249064916,-0.5073770491803278,-0.2272727272727273,True
rally-92cc1,,0.0,2436,28,3.4776398087776066,-0.46319018404907975,0.5238095238095237,True
rally-61je1,,0.0,2488,27,2.9536596463484615,-0.6561052631578947,-0.2987804878048781,True
rally-61mg1,,0.0,2385,25,2.000336235123541,-0.6102941176470589,-0.36764705882352944,True
rally-72mc1,,0.0,2656,28,2.460625975737938,-0.5903614457831325,-0.4257028112449799,True
rally-91mv1,,0.0,2691,28,2.9531731200987026,-0.5896414342629481,-0.052631578947368474,True
rally-75ra1,,0.0,2574,26,2.7340822792847224,-0.48571428571428577,-0.14107142857142851,True
rally-77le1,,0.0,2937,33,2.147266282663481,-0.6477272727272727,0.03217503217503226,True
rally-11bm1,,0.0,2614,27,2.661700794027706,-0.4461538461538461,0.00952380952380949,True
rally-warhol1,,0.0,1371,16,2.4180630796455787,-0.3513513513513513,-0.4,True
rally-grateful1,,0.0,1222,14,2.1221325267822646,-0.5167785234899329,-0.28,True
rally-warhol2,,0.0,1311,15,2.659387033971173,-0.33684210526315794,-0.28,True
rally-sachs1,,0.0,1336,15,5.996425048987519,-0.8,-0.8,True
rally-andypele,,0.0,1222,14,2.0048065246649807,-0.40740740740740744,-0.4,True
rally-hirst1,,0.0,1392,15,4.161272007080531,-0.49382716049382713,-0.25,True
rally-gold1,,0.0,1385,16,8.337979659296437,-0.6666666666666667,1.5,True
rally-meteorite,,0.0,1630,19,1.6617999460788702,-0.39583333333333337,-0.6375,True
rally-1857coin,,0.0,1336,19,5.11465375729297,-0.36,2.2,True
rally-justinian,,0.0,1581,18,2.778734183884167,-0.4666666666666667,0.6666666666666667,True
rally-croesus,,0.0,1311,15,2.010508853935874,-0.20645161290322578,0.03750000000000009,True
rally-super21,,0.0,2126,24,7.039627271914985,-0.6666666666666666,0.95,True
rally-batman3,,0.0,2245,25,2.6476152267794837,-0.5294117647058824,0.08974358974358965,True
rally-starwars1,,0.0,2098,23,5.676035113329304,-0.688,1.15,True
rally-avengers57,,0.0,1930,22,3.7705860588269013,-0.5,-0.09999999999999998,True
rally-fan45,,0.0,1853,21,3.771597313082142,-0.51875,-0.03749999999999998,True
