ticker,name,category,subcategory,status,metric,value,source_url,notes,last_updated
ANDYPELE,1977 Andy Warhol Pelé Polaroid,art,art,trading,data_completeness,0.0,,"Missing live price, offering cap, comps, or robust NAV confidence.",2026-08-18
GRATEFUL1,1966 Grateful Dead Skeleton and Roses Poster,art,art,trading,data_completeness,0.0,,"Missing live price, offering cap, comps, or robust NAV confidence.",2026-08-18
HIRST1,"Damien Hirst, The Currency, Painting",art,art,trading,data_completeness,0.0,,"Missing live price, offering cap, comps, or robust NAV confidence.",2026-08-18
SACHS1,Tom Sachs Rocket Factory “Game Changer”,art,art,trading,data_completeness,0.0,,"Missing live price, offering cap, comps, or robust NAV confidence.",2026-08-18
WARHOL1,"1967 Andy Warhol Marilyn Monroe Print, Signed",art,art,trading,data_completeness,0.0,,"Missing live price, offering cap, comps, or robust NAV confidence.",2026-08-18
WARHOL2,"1969 Andy Warhol Campbell’s Soup Print, Signed",art,art,trading,data_completeness,0.0,,"Missing live price, offering cap, comps, or robust NAV confidence.",2026-08-18
59BOND,Ian Fleming - Goldfinger (Dedication Copy),books,rare books,trading,data_completeness,0.0,,"Missing live price, offering cap, comps, or robust NAV confidence.",2026-08-18
59JFK,John F. Kennedy - Profiles in Courage (Inscribed to Frank Sinatra),books,rare books,trading,data_completeness,0.0,,"Missing live price, offering cap, comps, or robust NAV confidence.",2026-08-18
62BOND,Ian Fleming - The Spy Who Loved Me (Inscribed to RFK),books,rare books,trading,data_completeness,0.0,,"Missing live price, offering cap, comps, or robust NAV confidence.",2026-08-18
AGHOWL,Allen Ginsberg - Howl and Other Poems (Inscribed First Edition),books,rare books,trading,data_completeness,0.0,,"Missing live price, offering cap, comps, or robust NAV confidence.",2026-08-18
ALICE,Lewis Carroll - Alice's Adventures in Wonderland (First Edition),books,rare books,trading,data_completeness,0.0,,"Missing live price, offering cap, comps, or robust NAV confidence.",2026-08-18
ANMLFARM,George Orwell - Animal Farm (First Edition),books,rare books,trading,data_completeness,0.0,,"Missing live price, offering cap, comps, or robust NAV confidence.",2026-08-18
BOND1,Ian Fleming - Casino Royale (First Edition),books,rare books,trading,data_completeness,0.0,,"Missing live price, offering cap, comps, or robust NAV confidence.",2026-08-18
BRADBURY,Ray Bradbury - Fahrenheit 451 (Signed First Edition),books,rare books,trading,data_completeness,0.0,,"Missing live price, offering cap, comps, or robust NAV confidence.",2026-08-18
BROSGRIMM,Grimms' Fairy Tales (Inscribed),books,rare books,trading,data_completeness,0.0,,"Missing live price, offering cap, comps, or robust NAV confidence.",2026-08-18
CATCHER,J.D. Salinger's The Catcher in the Rye,books,rare books,exited,data_completeness,0.0,,"Missing live price, offering cap, comps, or robust NAV confidence.",2026-08-18
CHURCHILL,Winston Churchill - The Second World War (Signed First Edition),books,rare books,trading,data_completeness,0.0,,"Missing live price, offering cap, comps, or robust NAV confidence.",2026-08-18
CONGRESS,Journals of the Continental Congress (1774–1775),books,rare books,trading,data_completeness,0.0,,"Missing live price, offering cap, comps, or robust NAV confidence.",2026-08-18
DUNE,Frank Herbert - Dune (Inscribed First Edition),books,rare books,trading,data_completeness,0.0,,"Missing live price, offering cap, comps, or robust NAV confidence.",2026-08-18
EINSTEIN,"Albert Einstein's Philosopher-Scientist, Signed First Edition",books,rare books,exited,data_completeness,0.0,,"Missing live price, offering cap, comps, or robust NAV confidence.",2026-08-18
FEDERAL,"Hamilton, Madison, and Jay's The Federalist, First Edition",books,rare books,exited,data_completeness,0.0,,"Missing live price, offering cap, comps, or robust NAV confidence.",2026-08-18
FROST,Robert Frost - A Boy's Will (First Edition),books,rare books,trading,data_completeness,0.0,,"Missing live price, offering cap, comps, or robust NAV confidence.",2026-08-18
GATSBY,The Great Gatsby (Signed First Edition),books,rare books,trading,data_completeness,0.0,,"Missing live price, offering cap, comps, or robust NAV confidence.",2026-08-18
GRAPES,John Steinbeck - The Grapes of Wrath (Inscribed First Edition),books,rare books,trading,data_completeness,0.0,,"Missing live price, offering cap, comps, or robust NAV confidence.",2026-08-18
GWTW,Gone with the Wind (Inscribed First Printing),books,rare books,trading,data_completeness,0.0,,"Missing live price, offering cap, comps, or robust NAV confidence.",2026-08-18
HGWELLS,H.G. Wells - The Time Machine (Inscribed First Edition),books,rare books,trading,data_completeness,0.0,,"Missing live price, offering cap, comps, or robust NAV confidence.",2026-08-18
HOBBIT,"J.R.R. Tolkien's The Hobbit, First Edition",books,rare books,exited,data_completeness,0.0,,"Missing live price, offering cap, comps, or robust NAV confidence.",2026-08-18
HOLMES,Arthur Conan Doyle - Adventures & Memoirs of Sherlock Holmes,books,rare books,trading,data_completeness,0.0,,"Missing live price, offering cap, comps, or robust NAV confidence.",2026-08-18
HUCKFINN,Mark Twain - Adventures of Huckleberry Finn (First Edition),books,rare books,trading,data_completeness,0.0,,"Missing live price, offering cap, comps, or robust NAV confidence.",2026-08-18
IROBOT,"Isaac Asimov - I, Robot (First Edition)",books,rare books,trading,data_completeness,0.0,,"Missing live price, offering cap, comps, or robust NAV confidence.",2026-08-18
JEKYLL,Dr. Jekyll and Mr. Hyde (First Edition),books,rare books,trading,data_completeness,0.0,,"Missing live price, offering cap, comps, or robust NAV confidence.",2026-08-18
KELLER,Helen Keller 1892 Book (Inscribed),books,rare books,trading,data_completeness,0.0,,"Missing live price, offering cap, comps, or robust NAV confidence.",2026-08-18
KEROUAC,Jack Kerouac - On the Road (Signed First Edition),books,rare books,trading,data_completeness,0.0,,"Missing live price, offering cap, comps, or robust NAV confidence.",2026-08-18
LOTF,William Golding - Lord of the Flies (First Edition),books,rare books,trading,data_completeness,0.0,,"Missing live price, offering cap, comps, or robust NAV confidence.",2026-08-18
LOTR,J.R.R. Tolkien - The Lord of the Rings Trilogy (First Edition),books,rare books,trading,data_completeness,0.0,,"Missing live price, offering cap, comps, or robust NAV confidence.",2026-08-18
MARX,Karl Marx - Das Kapital (First Edition),books,rare books,trading,data_completeness,0.0,,"Missing live price, offering cap, comps, or robust NAV confidence.",2026-08-18
MOBYDICK,Herman Melville - Moby-Dick (First Edition),books,rare books,trading,data_completeness,0.0,,"Missing live price, offering cap, comps, or robust NAV confidence.",2026-08-18
NEWTON,Isaac Newton - Principia (First Edition),books,rare books,trading,data_completeness,0.0,,"Missing live price, offering cap, comps, or robust NAV confidence.",2026-08-18
NEWWORLD,Aldous Huxley - Brave New World (First Edition),books,rare books,trading,data_completeness,0.0,,"Missing live price, offering cap, comps, or robust NAV confidence.",2026-08-18
POTTER,J.K. Rowling's Harry Potter and the Philosopher's Stone,books,rare books,exited,data_completeness,0.0,,"Missing live price, offering cap, comps, or robust NAV confidence.",2026-08-18
RABBIT,The Tale of Peter Rabbit (First Edition),books,rare books,trading,data_completeness,0.0,,"Missing live price, offering cap, comps, or robust NAV confidence.",2026-08-18
ROOSEVELT,Theodore Roosevelt - African Game Trails (Signed First Edition),books,rare books,trading,data_completeness,0.0,,"Missing live price, offering cap, comps, or robust NAV confidence.",2026-08-18
SHKSPR4,"Shakespeare - Comedies, Histories & Tragedies",books,rare books,trading,data_completeness,0.0,,"Missing live price, offering cap, comps, or robust NAV confidence.",2026-08-18
TKAM,Harper Lee - To Kill a Mockingbird (Signed First Edition),books,rare books,trading,data_completeness,0.0,,"Missing live price, offering cap, comps, or robust NAV confidence.",2026-08-18
TREASURE,Treasure Island (First Edition),books,rare books,trading,data_completeness,0.0,,"Missing live price, offering cap, comps, or robust NAV confidence.",2026-08-18
TWOCITIES,Charles Dickens - A Tale of Two Cities (First Edition),books,rare books,trading,data_completeness,0.0,,"Missing live price, offering cap, comps, or robust NAV confidence.",2026-08-18
ULYSSES,James Joyce - Ulysses (Matisse Signed),books,rare books,trading,data_completeness,0.0,,"Missing live price, offering cap, comps, or robust NAV confidence.",2026-08-18
WALDEN,Henry David Thoreau - Walden (First Edition),books,rare books,trading,data_completeness,0.0,,"Missing live price, offering cap, comps, or robust NAV confidence.",2026-08-18
WILDTHING,Where the Wild Things Are (Inscribed First Edition),books,rare books,trading,data_completeness,0.0,,"Missing live price, offering cap, comps, or robust NAV confidence.",2026-08-18
WZRDOFOZ,The Wonderful Wizard of Oz (First Edition),books,rare books,trading,data_completeness,0.0,,"Missing live price, offering cap, comps, or robust NAV confidence.",2026-08-18
