asset_id,ticker,name,category,subcategory,underlying_collectible,significance,publisher,publication_year,issue_number,grade,brand,model,year,size,material,color,hardware,offering_date,offering_market_cap_usd,current_market_cap_usd,acquisition_cost_usd,last_trade_price,bid_price,ask_price,share_count,sec_filing_url,status,exit_date,exit_price_per_share,exit_market_cap_usd,total_return_at_exit,source_notes,trading_state,lifecycle_event_type,lifecycle_event_status,lifecycle_event_date,status_updated_at,buyout_offer_date,buyout_offer_price_per_share,buyout_offer_total_value,buyout_reference_price,buyout_reference_price_date,buyout_premium_pct,buyout_vote_yes_pct,buyout_vote_no_pct,buyout_vote_advisory_pct,buyout_vote_as_of,buyout_vote_provisional,buyout_notes,comp_count,top_comp_count,median_comp_sale_usd,mean_comp_sale_usd,estimate_weighted_value_usd,estimated_nav_usd,nav_low_usd,nav_high_usd,nav_confidence,discount_to_secondary_nav,premium_to_offering,rally_return_since_offering,comp_market_momentum_90d,comp_market_momentum_180d,comp_market_momentum_365d,liquidity_score,mispricing_score
rally-00mouton,00MOUTON,2000 Château Mouton Rothschild,wine and whiskey,wine,,,,,,,,,2000.0,,,Chateau Mouton Rothschild,,2021-04-01,27000.0,15800.0,,7.9,,,2000.0,,trading,,,,,Currently trading. Submitted offering_date was 2021-04.,active,none,none,,,,,,,,,,,,,,,0,0,,,,,,,0.0,,-0.41481481481481486,-0.41481481481481486,,,,0.45,0.0
rally-03tache,03TACHE,2003 Domaine de la Romanée-Conti La Tâche,wine and whiskey,wine,,,,,,,,,2003.0,,,Domaine de la Romanee-Conti La Tache,,2020-11-01,78000.0,63180.0,,4.05,,,15600.0,,trading,,,,,Currently trading. Submitted offering_date was 2020-11.,active,none,none,,,,,,,,,,,,,,,0,0,,,,,,,0.0,,-0.18999999999999995,-0.18999999999999995,,,,0.45,0.0
rally-05latour,05LATOUR,2005 Château Latour,wine and whiskey,wine,,,,,,,,,2005.0,,,Chateau Latour,,2020-09-01,9800.0,12350.0,,12.35,,,1000.0,,trading,,,,,Currently trading. Submitted offering_date was 2020-09.,active,none,none,,,,,,,,,,,,,,,0,0,,,,,,,0.0,,0.26020408163265296,0.26020408163265296,,,,0.45,0.0
rally-06brm,06BRM,2006 Giacomo Conterno Barolo Riserva Monfortino,wine and whiskey,wine,,,,,,,,,2006.0,,,Giacomo Conterno Barolo Riserva Monfortino,,2020-12-01,18500.0,15263.0,,8.25,,,1850.0,,trading,,,,,Currently trading. Submitted offering_date was 2020-12.,active,none,none,,,,,,,,,,,,,,,0,0,,,,,,,0.0,,-0.17497297297297298,-0.17497297297297298,,,,0.45,0.0
rally-09beaux,09BEAUX,2009 Domaine Leroy Vosne-Romanée Les Beaux Monts,wine and whiskey,wine,,,,,,,,,2009.0,,,Domaine Leroy Vosne-Romanee Les Beaux Monts,,2021-01-01,34000.0,36720.0,,5.4,,,6800.0,,trading,,,,,Currently trading. Submitted offering_date was 2021-01.,active,none,none,,,,,,,,,,,,,,,0,0,,,,,,,0.0,,0.08000000000000007,0.08000000000000007,,,,0.45,0.0
rally-09rbleroy,09RBLEROY,2009 Domaine Leroy Richebourg,wine and whiskey,wine,,,,,,,,,2009.0,,,Domaine Leroy Richebourg,,2021-08-01,107500.0,90300.0,,21.0,,,4300.0,,trading,,,,,Currently trading. Submitted offering_date was 2021-08.,active,none,none,,,,,,,,,,,,,,,0,0,,,,,,,0.0,,-0.16000000000000003,-0.16000000000000003,,,,0.45,0.0
rally-11belair,11BELAIR,2011 Domaine du Comte Liger-Belair Vosne-Romanée Aux Reignots,wine and whiskey,wine,,,,,,,,,2011.0,,,Domaine du Comte Liger-Belair Vosne-Romanee Aux Reignots,,2021-03-01,22000.0,17000.0,,8.5,,,2000.0,,trading,,,,,Currently trading. Submitted offering_date was 2021-03.,active,none,none,,,,,,,,,,,,,,,0,0,,,,,,,0.0,,-0.2272727272727273,-0.2272727272727273,,,,0.45,0.0
rally-13beaux,13BEAUX,2013 Domaine Leroy Vosne-Romanée Les Beaux Monts,wine and whiskey,wine,,,,,,,,,2013.0,,,Domaine Leroy Vosne-Romanee Les Beaux Monts,,2020-11-01,25500.0,39780.0,,7.8,,,5100.0,,trading,,,,,Currently trading. Submitted offering_date was 2020-11.,active,none,none,,,,,,,,,,,,,,,0,0,,,,,,,0.0,,0.56,0.56,,,,0.45,0.0
rally-14drc,14DRC,2014 Domaine de la Romanée-Conti Assortment,wine and whiskey,wine,,,,,,,,,2014.0,,,Domaine de la Romanee-Conti Assortment,,2020-09-01,54000.0,52200.0,,52.2,,,1000.0,,trading,,,,,Currently trading. Submitted offering_date was 2020-09.,active,none,none,,,,,,,,,,,,,,,0,0,,,,,,,0.0,,-0.033333333333333326,-0.033333333333333326,,,,0.45,0.0
rally-16petrus,16PETRUS,2016 Château Pétrus,wine and whiskey,wine,,,,,,,,,2016.0,,,Chateau Petrus,,2020-09-01,46800.0,37800.0,,4.2,,,9000.0,,trading,,,,,Currently trading. Submitted offering_date was 2020-09.,active,none,none,,,,,,,,,,,,,,,0,0,,,,,,,0.0,,-0.1923076923076923,-0.1923076923076923,,,,0.45,0.0
rally-16screag,16SCREAG,2016 Screaming Eagle,wine and whiskey,wine,,,,,,,,,2016.0,,,Screaming Eagle,,2020-09-01,39000.0,31350.0,,31.35,,,1000.0,,trading,,,,,Currently trading. Submitted offering_date was 2020-09.,active,none,none,,,,,,,,,,,,,,,0,0,,,,,,,0.0,,-0.19615384615384612,-0.19615384615384612,,,,0.45,0.0
rally-17dujac,17DUJAC,2017 Domaine Dujac Wine Collection,wine and whiskey,wine,,,,,,,,,2017.0,,,Domaine Dujac Wine Collection,,2021-03-01,26000.0,30550.0,,9.4,,,3250.0,,exited,2025-05-13,10.923077,35500.0,0.3653846153846154,Exited wine asset; final realized buyout displays approximately $10.92/share.,inactive,buyout,completed,2025-05-13,,,,,,,,,,,,,,0,0,,,,,,,0.0,,0.17500000000000004,0.17500000000000004,,,,0.45,0.0
rally-59bond,59BOND,Ian Fleming - Goldfinger (Dedication Copy),books,rare books,,,,,,,,,,,,Ian Fleming - Goldfinger (Dedication Copy),,2021-02-01,82000.0,46125.0,,4.5,,,10250.0,,trading,,,,,Currently trading. Submitted offering_date was 2021-02.,active,none,none,,,,,,,,,,,,,,,0,0,,,,,,,0.0,,-0.4375,-0.4375,,,,0.45,0.0
rally-59jfk,59JFK,John F. Kennedy - Profiles in Courage (Inscribed to Frank Sinatra),books,rare books,,,,,,,,,,,,John F. Kennedy - Profiles in Courage (Inscribed to Frank Sinatra),,2020-11-01,26000.0,15000.0,,7.5,,,2000.0,,trading,,,,,Currently trading. Submitted offering_date was 2020-11.,active,none,none,,,,,,,,,,,,,,,0,0,,,,,,,0.0,,-0.42307692307692313,-0.42307692307692313,,,,0.45,0.0
rally-62bond,62BOND,Ian Fleming - The Spy Who Loved Me (Inscribed to RFK),books,rare books,,,,,,,,,,,,Ian Fleming - The Spy Who Loved Me (Inscribed to RFK),,2020-12-01,93000.0,41075.0,,2.65,,,15500.0,,trading,,,,,Currently trading. Submitted offering_date was 2020-12.,active,none,none,,,,,,,,,,,,,,,0,0,,,,,,,0.0,,-0.5583333333333333,-0.5583333333333333,,,,0.45,0.0
rally-79stella,79STELLA,1979 Rolex Coral Stella Dial Day-Date,watches,rolex,,,,,,,Rolex,,1979.0,,,Coral Stella Dial Day-Date,,2020-10-01,69000.0,81420.0,,5.9,,,13800.0,,trading,,,,,Currently trading. Submitted offering_date was 2020-10.,active,none,none,,,,,,,,,,,,,,,0,0,,,,,,,0.0,,0.17999999999999994,0.17999999999999994,,,,0.45,0.0
rally-7orlex,70RLEX,1970 Rolex Watch,watches,rolex,,,,,,,Rolex,,1970.0,,,Watch,,2019-11-01,20000.0,19500.0,,19.5,,,1000.0,,exited,2023-12-12,30.0,30000.0,0.5,"Exited via buyout for $30,000 / $30.00 per share.",inactive,buyout,completed,2023-12-12,,,,,,,,,,,,,,0,0,,,,,,,0.0,,-0.025000000000000022,-0.025000000000000022,,,,0.45,0.0
rally-93daytona,93DAYTONA,1993 Rolex Zenith Daytona Inverted 6,watches,rolex,,,,,,,Rolex,Daytona,1993.0,,,Zenith,,2020-09-01,42000.0,36200.0,,18.1,,,2000.0,,trading,,,,,Currently trading. Submitted offering_date was 2020-09.,active,none,none,,,,,,,,,,,,,,,0,0,,,,,,,0.0,,-0.13809523809523805,-0.13809523809523805,,,,0.45,0.0
rally-aghowl,AGHOWL,Allen Ginsberg - Howl and Other Poems (Inscribed First Edition),books,rare books,,,,,,,,,,,,Allen Ginsberg - Howl and Other Poems (Inscribed First Edition),,2020-03-01,19000.0,19500.0,,39.0,,,500.0,,trading,,,,,Currently trading. Submitted offering_date was 2020-03.,active,none,none,,,,,,,,,,,,,,,0,0,,,,,,,0.0,,0.026315789473684292,0.026315789473684292,,,,0.45,0.0
rally-alice,ALICE,Lewis Carroll - Alice's Adventures in Wonderland (First Edition),books,rare books,,,,,,,,,,,,Lewis Carroll - Alice's Adventures in Wonderland (First Edition),,2020-09-01,12000.0,24000.0,,2.0,,,12000.0,,trading,,,,,Currently trading. Submitted offering_date was 2020-09.,active,none,none,,,,,,,,,,,,,,,0,0,,,,,,,0.0,,1.0,1.0,,,,0.45,0.0
rally-anmlfarm,ANMLFARM,George Orwell - Animal Farm (First Edition),books,rare books,,,,,,,,,,,,George Orwell - Animal Farm (First Edition),,2020-11-01,10000.0,23450.0,,23.45,,,1000.0,,trading,,,,,Currently trading. Submitted offering_date was 2020-11.,active,none,none,,,,,,,,,,,,,,,0,0,,,,,,,0.0,,1.3450000000000002,1.3450000000000002,,,,0.45,0.0
rally-aproak,APROAK,Audemars Piguet Royal Oak,watches,audemars piguet,,,,,,,Audemars Piguet,Royal Oak,,,,,,2019-12-01,75000.0,40650.0,,40.65,,,1000.0,,exited,2021-06-30,110.0,110000.0,0.46666666666666656,"Exited via buyout for $110,000 / $110.00 per share; Q2 2021 retains intra-quarter secondary observation separately.",inactive,buyout,completed,2021-06-30,,,,,,,,,,,,,,0,0,,,,,,,0.0,,-0.45799999999999996,-0.45799999999999996,,,,0.45,0.0
rally-baro,BARO,Barosaurus Skeleton,fossils,barosaurus,,,,,,,,,,,,Barosaurus Skeleton,,2025-09-01,12500000.0,,,,,,200000.0,,exited,,,,,Offering complete. Will not trade on Rally. Submitted offering_date was 2025-09.,inactive,other_exit,completed,,,,,,,,,,,,,,,0,0,,,,,,,0.0,,,,,,,0.45,0.0
rally-birkinblu,BIRKINBLU,Hermès 25cm Blue Lizard Birkin,handbags,birkin_lizard,,,,,,,Hermes,Birkin,,25,Lizard,Blue,,2019-11-01,58000.0,30900.0,,30.9,,,1000.0,,exited,2025-04-10,68.0,68000.0,0.17241379310344818,Exited via buyout. Submitted offering_date was 2019-11.,inactive,buyout,completed,2025-04-10,,,,,,,,,,,,,,0,0,,,,,,,0.0,,-0.4672413793103448,-0.4672413793103448,,,,0.45,0.0
rally-birkinbor,BIRKINBOR,Hermès 35cm Bordeaux Crocodile Birkin,handbags,birkin_crocodile,,,,,,,Hermes,Birkin,,35,Crocodile,Bordeaux,,2020-02-01,52500.0,34000.0,,17.0,,,2000.0,,buyout_pending,,,,,Currently trading. Submitted offering_date was 2020-02.,halted,buyout_offer,pending,,2026-08-09T00:00:00Z,,24.5,49000.0,17.0,2026-06-26,0.4411764705882353,,,,,,Pending offer metadata; not an executed trade or realized exit.,0,0,,,,,,,0.0,,-0.35238095238095235,-0.35238095238095235,,,,0.45,0.0
rally-birkintan,BIRKINTAN,Hermès 30cm Tangerine Ostrich Birkin,handbags,birkin_ostrich,,,,,,,Hermes,Birkin,,30,Ostrich,Tangerine,,2020-06-01,28000.0,25600.0,,25.6,,,1000.0,,trading,,,,,Currently trading. Submitted offering_date was 2020-06.,active,none,none,,,,,,,,,,,,,,,0,0,,,,,,,0.0,,-0.08571428571428574,-0.08571428571428574,,,,0.45,0.0
rally-bond1,BOND1,Ian Fleming - Casino Royale (First Edition),books,rare books,,,,,,,,,,,,Ian Fleming - Casino Royale (First Edition),,2020-06-01,39000.0,15100.0,,15.1,,,1000.0,,trading,,,,,Currently trading. Submitted offering_date was 2020-06.,active,none,none,,,,,,,,,,,,,,,0,0,,,,,,,0.0,,-0.6128205128205129,-0.6128205128205129,,,,0.45,0.0
rally-bondwatch,BONDWATCH,Pierce Brosnan Omega Seamaster James Bond Film-Worn Watch,watches,omega,,,,,,,,,,,,Pierce Brosnan Omega Seamaster James Bond Film-Worn Watch,,2022-01-01,80000.0,41000.0,,2.05,,,20000.0,,trading,,,,,Film-worn James Bond watch. Submitted offering_date was 2022-01.,active,none,none,,,,,,,,,,,,,,,0,0,,,,,,,0.0,,-0.48750000000000004,-0.48750000000000004,,,,0.45,0.0
rally-bradbury,BRADBURY,Ray Bradbury - Fahrenheit 451 (Signed First Edition),books,rare books,,,,,,,,,,,,Ray Bradbury - Fahrenheit 451 (Signed First Edition),,2022-02-01,18000.0,10000.0,,5.0,,,2000.0,,trading,,,,,Currently trading. Submitted offering_date was 2022-02.,active,none,none,,,,,,,,,,,,,,,0,0,,,,,,,0.0,,-0.4444444444444444,-0.4444444444444444,,,,0.45,0.0
rally-brosgrimm,BROSGRIMM,Grimms' Fairy Tales (Inscribed),books,rare books,,,,,,,,,,,,Grimms' Fairy Tales (Inscribed),,2021-05-01,135000.0,100000.0,,20.0,,,5000.0,,trading,,,,,Currently trading. Submitted offering_date was 2021-05.,active,none,none,,,,,,,,,,,,,,,0,0,,,,,,,0.0,,-0.2592592592592593,-0.2592592592592593,,,,0.45,0.0
rally-churchill,CHURCHILL,Winston Churchill - The Second World War (Signed First Edition),books,rare books,,,,,,,,,,,,Winston Churchill - The Second World War (Signed First Edition),,2020-07-01,7500.0,23625.0,,3.15,,,7500.0,,trading,,,,,Currently trading. Submitted offering_date was 2020-07.,active,none,none,,,,,,,,,,,,,,,0,0,,,,,,,0.0,,2.15,2.15,,,,0.45,0.0
rally-congress,CONGRESS,Journals of the Continental Congress (1774–1775),books,rare books,,,,,,,,,,,,Journals of the Continental Congress (17741775),,2021-07-01,120000.0,65000.0,,13.0,,,5000.0,,trading,,,,,Currently trading. Submitted offering_date was 2021-07.,active,none,none,,,,,,,,,,,,,,,0,0,,,,,,,0.0,,-0.45833333333333337,-0.45833333333333337,,,,0.45,0.0
rally-deaton,DEATON,Deaton Triceratops Skull,fossils,triceratops,,,,,,,,,,,,Deaton Triceratops Skull,,2021-01-01,285000.0,270750.0,,23.75,,,11400.0,,exit_pending,,,,,"Pending buyout vote in progress; proposed $600,000 / $52.63 per share offer has not been approved or completed. Last secondary close before pending vote was $23.75/share ($270,750 market cap). Submitted offering_date was 2021-01.",halted,other_exit,pending,,,,,,,,,,,,,,,0,0,,,,,,,0.0,,-0.050000000000000044,-0.050000000000000044,,,,0.45,0.0
rally-dimaggio2,DIMAGGIO2,DiMaggio 2 Watch,watches,,,,,,,,,,,,,DiMaggio 2 Watch,,2020-11-01,21000.0,20000.0,,10.0,,,2000.0,,trading,,,,,Exact watch model not yet recorded. Submitted offering_date was 2020-11.,active,none,none,,,,,,,,,,,,,,,0,0,,,,,,,0.0,,-0.04761904761904767,-0.04761904761904767,,,,0.45,0.0
rally-dominos,DOMINOS,Domino's Pizza Special Edition Rolex Air-King,watches,rolex,,,,,,,Rolex,,,,,Domino's Pizza Special Edition Rolex Air-King,,2021-01-01,11000.0,10200.0,,5.1,,,2000.0,,trading,,,,,Currently trading. Submitted offering_date was 2021-01.,active,none,none,,,,,,,,,,,,,,,0,0,,,,,,,0.0,,-0.07272727272727275,-0.07272727272727275,,,,0.45,0.0
rally-dune,DUNE,Frank Herbert - Dune (Inscribed First Edition),books,rare books,,,,,,,,,,,,Frank Herbert - Dune (Inscribed First Edition),,2020-12-01,13250.0,26350.0,,26.35,,,1000.0,,trading,,,,,Currently trading. Submitted offering_date was 2020-12.,active,none,none,,,,,,,,,,,,,,,0,0,,,,,,,0.0,,0.9886792452830189,0.9886792452830189,,,,0.45,0.0
rally-faubourg,FAUBOURG,Hermès Faubourg,handbags,faubourg,,,,,,,Hermes,,,,,Faubourg,,2020-09-01,150000.0,117400.0,,58.7,,,2000.0,,exited,2023-05-30,87.5,175000.0,0.16666666666666674,"Exited via buyout for $175,000 / $87.50 per share.",inactive,buyout,completed,2023-05-30,,,,,,,,,,,,,,0,0,,,,,,,0.0,,-0.21733333333333338,-0.21733333333333338,,,,0.45,0.0
rally-faubourg2,FAUBOURG2,Hermès Faubourg 2,handbags,faubourg,,,,,,,Hermes,,,,,Faubourg 2,,2021-01-01,165000.0,165000.0,,15.0,,,11000.0,,exited,2025-01-06,16.5,181500.0,0.10000000000000009,Exited via buyout. Submitted offering_date was 2021-01.,inactive,buyout,completed,2025-01-06,,,,,,,,,,,,,,0,0,,,,,,,0.0,,0.0,0.0,,,,0.45,0.0
rally-frost,FROST,Robert Frost - A Boy's Will (First Edition),books,rare books,,,,,,,,,,,,Robert Frost - A Boy's Will (First Edition),,2019-11-01,13500.0,15780.0,,78.9,,,200.0,,trading,,,,,Currently trading. Submitted offering_date was 2019-11.,active,none,none,,,,,,,,,,,,,,,0,0,,,,,,,0.0,,0.16888888888888887,0.16888888888888887,,,,0.45,0.0
rally-gatsby,GATSBY,The Great Gatsby (Signed First Edition),books,rare books,,,,,,,,,,,,The Great Gatsby (Signed First Edition),,2020-09-01,200000.0,96000.0,,24.0,,,4000.0,,trading,,,,,Currently trading. Submitted offering_date was 2020-09.,active,none,none,,,,,,,,,,,,,,,0,0,,,,,,,0.0,,-0.52,-0.52,,,,0.45,0.0
rally-gmtblack1,GMTBLACK1,1983 Rolex GMT-Master Nipple Dial,watches,rolex,,,,,,,Rolex,,1983.0,,,GMT-Master Nipple Dial,,2020-06-01,28000.0,28500.0,,28.5,,,1000.0,,trading,,,,,Currently trading. Submitted offering_date was 2020-06.,active,none,none,,,,,,,,,,,,,,,0,0,,,,,,,0.0,,0.017857142857142794,0.017857142857142794,,,,0.45,0.0
rally-grapes,GRAPES,John Steinbeck - The Grapes of Wrath (Inscribed First Edition),books,rare books,,,,,,,,,,,,John Steinbeck - The Grapes of Wrath (Inscribed First Edition),,2020-12-01,39000.0,25900.0,,12.95,,,2000.0,,trading,,,,,Currently trading. Submitted offering_date was 2020-12.,active,none,none,,,,,,,,,,,,,,,0,0,,,,,,,0.0,,-0.3358974358974359,-0.3358974358974359,,,,0.45,0.0
rally-gwtw,GWTW,Gone with the Wind (Inscribed First Printing),books,rare books,,,,,,,,,,,,Gone with the Wind (Inscribed First Printing),,2022-02-01,25000.0,17000.0,,3.4,,,5000.0,,trading,,,,,Currently trading. Submitted offering_date was 2022-02.,active,none,none,,,,,,,,,,,,,,,0,0,,,,,,,0.0,,-0.31999999999999995,-0.31999999999999995,,,,0.45,0.0
rally-hgwells,HGWELLS,H.G. Wells - The Time Machine (Inscribed First Edition),books,rare books,,,,,,,,,,,,H.G. Wells - The Time Machine (Inscribed First Edition),,2021-06-01,46500.0,17250.0,,2.3,,,7500.0,,trading,,,,,Currently trading. Submitted offering_date was 2021-06.,active,none,none,,,,,,,,,,,,,,,0,0,,,,,,,0.0,,-0.6290322580645161,-0.6290322580645161,,,,0.45,0.0
rally-himalaya,HIMALAYA,Hermès 30cm Himalaya Birkin,handbags,birkin_himalaya,,,,,,,Hermes,Birkin,,30,,Himalaya,,2020-05-01,140000.0,93800.0,,46.9,,,2000.0,,buyout_pending,,,,,Currently trading. Submitted offering_date was 2020-05.,halted,buyout_offer,pending,,2026-08-09T00:00:00Z,,60.0,120000.0,46.9,2026-06-26,0.279317697228145,,,,,,Pending offer metadata; not an executed trade or realized exit.,0,0,,,,,,,0.0,,-0.32999999999999996,-0.32999999999999996,,,,0.45,0.0
rally-holmes,HOLMES,Arthur Conan Doyle - Adventures & Memoirs of Sherlock Holmes,books,rare books,,,,,,,,,,,,Arthur Conan Doyle - Adventures & Memoirs of Sherlock Holmes,,2021-12-01,25000.0,16125.0,,6.45,,,2500.0,,trading,,,,,Currently trading. Submitted offering_date was 2021-12.,active,none,none,,,,,,,,,,,,,,,0,0,,,,,,,0.0,,-0.355,-0.355,,,,0.45,0.0
rally-huckfinn,HUCKFINN,Mark Twain - Adventures of Huckleberry Finn (First Edition),books,rare books,,,,,,,,,,,,Mark Twain - Adventures of Huckleberry Finn (First Edition),,2021-04-01,22000.0,10800.0,,5.4,,,2000.0,,trading,,,,,Currently trading. Submitted offering_date was 2021-04.,active,none,none,,,,,,,,,,,,,,,0,0,,,,,,,0.0,,-0.509090909090909,-0.509090909090909,,,,0.45,0.0
rally-irobot,IROBOT,"Isaac Asimov - I, Robot (First Edition)",books,rare books,,,,,,,,,,,,"Isaac Asimov - I, Robot (First Edition)",,2022-01-01,8000.0,9100.0,,9.1,,,1000.0,,trading,,,,,Currently trading. Submitted offering_date was 2022-01.,active,none,none,,,,,,,,,,,,,,,0,0,,,,,,,0.0,,0.13749999999999996,0.13749999999999996,,,,0.45,0.0
rally-jekyll,JEKYLL,Dr. Jekyll and Mr. Hyde (First Edition),books,rare books,,,,,,,,,,,,Dr. Jekyll and Mr. Hyde (First Edition),,2022-08-01,20000.0,14000.0,,2.8,,,5000.0,,trading,,,,,Currently trading. Submitted offering_date was 2022-08.,active,none,none,,,,,,,,,,,,,,,0,0,,,,,,,0.0,,-0.30000000000000004,-0.30000000000000004,,,,0.45,0.0
rally-karuizawa,KARUIZAWA,Karuizawa Aqua of Life 50-Year-Old Whisky,wine and whiskey,japanese whisky,,,,,,,,,,,,Karuizawa Aqua of Life 50-Year-Old Whisky,,2021-11-01,65000.0,42250.0,,3.25,,,13000.0,,trading,,,,,Currently trading. Submitted offering_date was 2021-11.,active,none,none,,,,,,,,,,,,,,,0,0,,,,,,,0.0,,-0.35,-0.35,,,,0.45,0.0
rally-keller,KELLER,Helen Keller 1892 Book (Inscribed),books,rare books,,,,,,,,,,,,Helen Keller 1892 Book (Inscribed),,2022-03-01,15000.0,10650.0,,3.55,,,3000.0,,trading,,,,,Currently trading. Submitted offering_date was 2022-03.,active,none,none,,,,,,,,,,,,,,,0,0,,,,,,,0.0,,-0.29000000000000004,-0.29000000000000004,,,,0.45,0.0
rally-kerouac,KEROUAC,Jack Kerouac - On the Road (Signed First Edition),books,rare books,,,,,,,,,,,,Jack Kerouac - On the Road (Signed First Edition),,2020-12-01,98000.0,29155.0,,5.95,,,4900.0,,trading,,,,,Currently trading. Submitted offering_date was 2020-12.,active,none,none,,,,,,,,,,,,,,,0,0,,,,,,,0.0,,-0.7025,-0.7025,,,,0.45,0.0
rally-lotf,LOTF,William Golding - Lord of the Flies (First Edition),books,rare books,,,,,,,,,,,,William Golding - Lord of the Flies (First Edition),,2022-03-01,14000.0,7500.0,,3.75,,,2000.0,,trading,,,,,Currently trading. Submitted offering_date was 2022-03.,active,none,none,,,,,,,,,,,,,,,0,0,,,,,,,0.0,,-0.4642857142857143,-0.4642857142857143,,,,0.45,0.0
rally-lotr,LOTR,J.R.R. Tolkien - The Lord of the Rings Trilogy (First Edition),books,rare books,,,,,,,,,,,,J.R.R. Tolkien - The Lord of the Rings Trilogy (First Edition),,2020-06-01,29000.0,75000.0,,75.0,,,1000.0,,trading,,,,,Currently trading. Submitted offering_date was 2020-06.,active,none,none,,,,,,,,,,,,,,,0,0,,,,,,,0.0,,1.5862068965517242,1.5862068965517242,,,,0.45,0.0
rally-macallan1,MACALLAN1,Macallan 30-Year-Old Blue Label Scotch Whisky,wine and whiskey,scotch whisky,,,,,,,,,,,,Macallan 30-Year-Old Blue Label Scotch Whisky,,2021-11-01,13250.0,12500.0,,12.5,,,1000.0,,trading,,,,,Currently trading. Submitted offering_date was 2021-11.,active,none,none,,,,,,,,,,,,,,,0,0,,,,,,,0.0,,-0.05660377358490565,-0.05660377358490565,,,,0.45,0.0
rally-macallan2,MACALLAN2,Macallan 40-Year-Old Whisky,wine and whiskey,scotch whisky,,,,,,,,,,,,Macallan 40-Year-Old Whisky,,2022-02-01,30000.0,29000.0,,5.8,,,5000.0,,trading,,,,,Currently trading. Submitted offering_date was 2022-02.,active,none,none,,,,,,,,,,,,,,,0,0,,,,,,,0.0,,-0.033333333333333326,-0.033333333333333326,,,,0.45,0.0
rally-macallan3,MACALLAN3,1938 Macallan Red Ribbon Whisky,wine and whiskey,scotch whisky,,,,,,,,,1938.0,,,Macallan Red Ribbon Whisky,,2022-07-01,20500.0,25830.0,,6.3,,,4100.0,,trading,,,,,Currently trading. Submitted offering_date was 2022-07.,active,none,none,,,,,,,,,,,,,,,0,0,,,,,,,0.0,,0.26,0.26,,,,0.45,0.0
rally-marx,MARX,Karl Marx - Das Kapital (First Edition),books,rare books,,,,,,,,,,,,Karl Marx - Das Kapital (First Edition),,2021-10-01,120000.0,36800.0,,4.6,,,8000.0,,trading,,,,,Currently trading. Submitted offering_date was 2021-10.,active,none,none,,,,,,,,,,,,,,,0,0,,,,,,,0.0,,-0.6933333333333334,-0.6933333333333334,,,,0.45,0.0
rally-megalodon,MEGALODON,Megalodon Fossil,fossils,shark,,,,,,,,,,,,Megalodon Fossil,,2021-10-01,600000.0,178500.0,,5.95,,,30000.0,,trading,,,,,Currently trading. Submitted offering_date was 2021-10.,active,none,none,,,,,,,,,,,,,,,0,0,,,,,,,0.0,,-0.7025,-0.7025,,,,0.45,0.0
rally-mobydick,MOBYDICK,Herman Melville - Moby-Dick (First Edition),books,rare books,,,,,,,,,,,,Herman Melville - Moby-Dick (First Edition),,2022-01-01,70000.0,33500.0,,3.35,,,10000.0,,trading,,,,,Currently trading. Submitted offering_date was 2022-01.,active,none,none,,,,,,,,,,,,,,,0,0,,,,,,,0.0,,-0.5214285714285714,-0.5214285714285714,,,,0.45,0.0
rally-mosasaur,MOSASAUR,Mosasaur,fossils,mosasaur,,,,,,,,,,,,Mosasaur,,2021-02-01,30000.0,34200.0,,5.7,,,6000.0,,trading,,,,,Currently trading. Quarterly history imported. Submitted offering_date was 2021-02.,active,none,none,,,,,,,,,,,,,,,0,0,,,,,,,0.0,,0.1399999999999999,0.1399999999999999,,,,0.45,0.0
rally-newton,NEWTON,Isaac Newton - Principia (First Edition),books,rare books,,,,,,,,,,,,Isaac Newton - Principia (First Edition),,2021-05-01,300000.0,205500.0,,6.85,,,30000.0,,trading,,,,,Currently trading. Submitted offering_date was 2021-05.,active,none,none,,,,,,,,,,,,,,,0,0,,,,,,,0.0,,-0.31499999999999995,-0.31499999999999995,,,,0.45,0.0
rally-newworld,NEWWORLD,Aldous Huxley - Brave New World (First Edition),books,rare books,,,,,,,,,,,,Aldous Huxley - Brave New World (First Edition),,2022-01-01,14000.0,11600.0,,5.8,,,2000.0,,trading,,,,,Currently trading. Submitted offering_date was 2022-01.,active,none,none,,,,,,,,,,,,,,,0,0,,,,,,,0.0,,-0.17142857142857137,-0.17142857142857137,,,,0.45,0.0
rally-pappy1,PAPPY1,Pappy Van Winkle Bourbon Assortment,wine and whiskey,bourbon,,,,,,,,,,,,Pappy Van Winkle Bourbon Assortment,,2022-08-01,14000.0,65100.0,,32.55,,,2000.0,,trading,,,,,Currently trading. Submitted offering_date was 2022-08.,active,none,none,,,,,,,,,,,,,,,0,0,,,,,,,0.0,,3.6500000000000004,3.6500000000000004,,,,0.45,0.0
rally-picnic,PICNIC,Hermès 35cm Picnic Kelly,handbags,kelly_picnic,,,,,,,Hermes,Kelly,,35,,Picnic,,2020-12-01,54000.0,26600.0,,13.3,,,2000.0,,buyout_pending,,,,,Currently trading. Submitted offering_date was 2020-12.,halted,buyout_offer,pending,,2026-08-09T00:00:00Z,,15.5,31000.0,13.3,2026-06-29,0.1654135338345863,,,,,,Pending offer metadata; not an executed trade or realized exit.,0,0,,,,,,,0.0,,-0.5074074074074074,-0.5074074074074074,,,,0.45,0.0
rally-rabbit,RABBIT,The Tale of Peter Rabbit (First Edition),books,rare books,,,,,,,,,,,,The Tale of Peter Rabbit (First Edition),,2022-08-01,46000.0,47500.0,,4.75,,,10000.0,,trading,,,,,Currently trading. Submitted offering_date was 2022-08.,active,none,none,,,,,,,,,,,,,,,0,0,,,,,,,0.0,,0.032608695652173836,0.032608695652173836,,,,0.45,0.0
rally-riviera,RIVIERA,1965 Rolex 1601 Datejust Joyera Riviera,watches,rolex,,,,,,,Rolex,,1965.0,,,1601 Datejust Joyera Riviera,,2021-04-01,30000.0,19800.0,,3.3,,,6000.0,,trading,,,,,Currently trading. Submitted offering_date was 2021-04.,active,none,none,,,,,,,,,,,,,,,0,0,,,,,,,0.0,,-0.33999999999999997,-0.33999999999999997,,,,0.45,0.0
rally-rlexpepsi,RLEXPEPSI,Rolex GMT-Master II Pepsi Jubilee,watches,rolex,,,,,,,Rolex,,,,,GMT-Master II Pepsi Jubilee,,2019-11-01,17800.0,20000.0,,10.0,,,2000.0,,trading,,,,,Currently trading. Submitted offering_date was 2019-11.,active,none,none,,,,,,,,,,,,,,,0,0,,,,,,,0.0,,0.12359550561797761,0.12359550561797761,,,,0.45,0.0
rally-roosevelt,ROOSEVELT,Theodore Roosevelt - African Game Trails (Signed First Edition),books,rare books,,,,,,,,,,,,Theodore Roosevelt - African Game Trails (Signed First Edition),,2020-03-01,19500.0,19800.0,,19.8,,,1000.0,,trading,,,,,Currently trading. Submitted offering_date was 2020-03.,active,none,none,,,,,,,,,,,,,,,0,0,,,,,,,0.0,,0.01538461538461533,0.01538461538461533,,,,0.45,0.0
rally-shkspr4,SHKSPR4,"Shakespeare - Comedies, Histories & Tragedies",books,rare books,,,,,,,,,,,,"Shakespeare - Comedies, Histories & Tragedies",,2020-07-01,115000.0,75000.0,,75.0,,,1000.0,,trading,,,,,Currently trading. Submitted offering_date was 2020-07.,active,none,none,,,,,,,,,,,,,,,0,0,,,,,,,0.0,,-0.34782608695652173,-0.34782608695652173,,,,0.45,0.0
rally-smurf,SMURF,Rolex Submariner Smurf,watches,rolex,,,,,,,Rolex,Submariner,,,,,,2019-11-01,34500.0,36100.0,,18.05,,,2000.0,,trading,,,,,Currently trading. Submitted offering_date was 2019-11.,active,none,none,,,,,,,,,,,,,,,0,0,,,,,,,0.0,,0.04637681159420293,0.04637681159420293,,,,0.45,0.0
rally-snoopy,SNOOPY,Omega Speedmaster Silver Snoopy,watches,omega,,,,,,,,,,,,Omega Speedmaster Silver Snoopy,,2020-04-01,25500.0,27500.0,,13.75,,,2000.0,,trading,,,,,Currently trading. Submitted offering_date was 2020-04.,active,none,none,,,,,,,,,,,,,,,0,0,,,,,,,0.0,,0.07843137254901955,0.07843137254901955,,,,0.45,0.0
rally-soblack,SOBLACK,Hermès 30cm So Black Birkin,handbags,birkin_so_black,,,,,,,Hermes,Birkin,,30,,So Black,,2020-09-01,56000.0,35050.0,,35.05,,,1000.0,,trading,,,,,Currently trading. Submitted offering_date was 2020-09.,active,none,none,,,,,,,,,,,,,,,0,0,,,,,,,0.0,,-0.37410714285714286,-0.37410714285714286,,,,0.45,0.0
rally-steg,STEG,BCQ-24 Stegosaurus Skeleton,fossils,stegosaurus,,,,,,,,,,,,BCQ-24 Stegosaurus Skeleton,,2024-12-01,13750000.0,,,,,,200000.0,,exited,,,,,Offering complete. Will not trade on Rally. Submitted offering_date was 2024-12.,inactive,other_exit,completed,,,,,,,,,,,,,,,0,0,,,,,,,0.0,,,,,,,0.45,0.0
rally-tkam,TKAM,Harper Lee - To Kill a Mockingbird (Signed First Edition),books,rare books,,,,,,,,,,,,Harper Lee - To Kill a Mockingbird (Signed First Edition),,2020-10-01,32000.0,25000.0,,12.5,,,2000.0,,trading,,,,,Currently trading. Submitted offering_date was 2020-10.,active,none,none,,,,,,,,,,,,,,,0,0,,,,,,,0.0,,-0.21875,-0.21875,,,,0.45,0.0
rally-tornek,TORNEK,Tornek-Rayville TR-900,watches,tornek-rayville,,,,,,,,,,,,Tornek-Rayville TR-900,,2020-11-01,165000.0,77550.0,,2.35,,,33000.0,,trading,,,,,Currently trading. Submitted offering_date was 2020-11.,active,none,none,,,,,,,,,,,,,,,0,0,,,,,,,0.0,,-0.53,-0.53,,,,0.45,0.0
rally-treasure,TREASURE,Treasure Island (First Edition),books,rare books,,,,,,,,,,,,Treasure Island (First Edition),,2022-05-01,22500.0,13950.0,,3.1,,,4500.0,,trading,,,,,Currently trading. Submitted offering_date was 2022-05.,active,none,none,,,,,,,,,,,,,,,0,0,,,,,,,0.0,,-0.38,-0.38,,,,0.45,0.0
rally-twocities,TWOCITIES,Charles Dickens - A Tale of Two Cities (First Edition),books,rare books,,,,,,,,,,,,Charles Dickens - A Tale of Two Cities (First Edition),,2019-11-01,14500.0,13600.0,,68.0,,,200.0,,trading,,,,,Currently trading. Submitted offering_date was 2019-11.,active,none,none,,,,,,,,,,,,,,,0,0,,,,,,,0.0,,-0.06206896551724139,-0.06206896551724139,,,,0.45,0.0
rally-ulysses,ULYSSES,James Joyce - Ulysses (Matisse Signed),books,rare books,,,,,,,,,,,,James Joyce - Ulysses (Matisse Signed),,2020-03-01,25500.0,17500.0,,35.0,,,500.0,,trading,,,,,Currently trading. Submitted offering_date was 2020-03.,active,none,none,,,,,,,,,,,,,,,0,0,,,,,,,0.0,,-0.3137254901960784,-0.3137254901960784,,,,0.45,0.0
rally-walden,WALDEN,Henry David Thoreau - Walden (First Edition),books,rare books,,,,,,,,,,,,Henry David Thoreau - Walden (First Edition),,2021-05-01,20500.0,31000.0,,15.5,,,2000.0,,trading,,,,,Currently trading. Submitted offering_date was 2021-05.,active,none,none,,,,,,,,,,,,,,,0,0,,,,,,,0.0,,0.5121951219512195,0.5121951219512195,,,,0.45,0.0
rally-wildthing,WILDTHING,Where the Wild Things Are (Inscribed First Edition),books,rare books,,,,,,,,,,,,Where the Wild Things Are (Inscribed First Edition),,2021-10-01,18000.0,13900.0,,6.95,,,2000.0,,trading,,,,,Currently trading. Submitted offering_date was 2021-10.,active,none,none,,,,,,,,,,,,,,,0,0,,,,,,,0.0,,-0.22777777777777775,-0.22777777777777775,,,,0.45,0.0
rally-wzrdofoz,WZRDOFOZ,The Wonderful Wizard of Oz (First Edition),books,rare books,,,,,,,,,,,,The Wonderful Wizard of Oz (First Edition),,2021-04-01,90000.0,36900.0,,6.15,,,6000.0,,trading,,,,,Currently trading. Submitted offering_date was 2021-04.,active,none,none,,,,,,,,,,,,,,,0,0,,,,,,,0.0,,-0.5900000000000001,-0.5900000000000001,,,,0.45,0.0
rally-yoko,YOKO,Yoko Ono - Grapefruit (Signed First Edition),books,rare books,,,,,,,,,,,,Yoko Ono - Grapefruit (Signed First Edition),,2020-05-01,16000.0,8410.0,,42.05,,,200.0,,trading,,,,,Currently trading. Submitted offering_date was 2020-05.,active,none,none,,,,,,,,,,,,,,,0,0,,,,,,,0.0,,-0.474375,-0.474375,,,,0.45,0.0
rally-93xj1,93XJ1,1993 Jaguar XJ220,cars,classic cars,,,,,,,,,1993.0,,,Jaguar XJ220,,2018-08-01,495000.0,420000.0,,84.0,,,5000.0,,trading,,,,,Currently trading. Submitted offering_date was 2018-08.,active,none,none,,,,,,,,,,,,,,,0,0,,,,,,,0.0,,-0.1515151515151515,-0.1515151515151515,,,,0.45,0.0
rally-83fb1,83FB1,1983 Ferrari 512 BBi,cars,classic cars,,,,,,,,,1983.0,,,Ferrari 512 BBi,,2018-07-01,350000.0,245500.0,,49.1,,,5000.0,,trading,,,,,Currently trading. Submitted offering_date was 2018-07.,active,none,none,,,,,,,,,,,,,,,0,0,,,,,,,0.0,,-0.2985714285714286,-0.2985714285714286,,,,0.45,0.0
rally-63cc1,63CC1,1963 Chevrolet Corvette Split Window,cars,classic cars,,,,,,,,,1963.0,,,Chevrolet Corvette Split Window,,2019-03-01,126000.0,138000.0,,69.0,,,2000.0,,buyout_pending,,,,,Currently trading. Submitted offering_date was 2019-03.,halted,buyout_offer,pending,,2026-07-31T00:00:00Z,,60.44,120880.0,69.0,2026-06-29,-0.1240579710144927,,,,,,Pending offer metadata; not an executed trade or realized exit.,0,0,,,,,,,0.0,,0.09523809523809534,0.09523809523809534,,,,0.45,0.0
rally-65fm1,65FM1,1965 Mustang Fastback,cars,classic cars,,,,,,,,,1965.0,,,Mustang Fastback,,2019-05-01,82500.0,69800.0,,34.9,,,2000.0,,trading,,,,,Currently trading. Submitted offering_date was 2019-05.,active,none,none,,,,,,,,,,,,,,,0,0,,,,,,,0.0,,-0.15393939393939393,-0.15393939393939393,,,,0.45,0.0
rally-55ps1,55PS1,1955 Porsche 356 Speedster,cars,classic cars,,,,,,,,,1955.0,,,Porsche 356 Speedster,,2018-03-01,425000.0,285000.0,,142.5,,,2000.0,,trading,,,,,Currently trading. Submitted offering_date was 2018-03.,active,none,none,,,,,,,,,,,,,,,0,0,,,,,,,0.0,,-0.3294117647058824,-0.3294117647058824,,,,0.45,0.0
rally-65ag1,65AG1,1965 Alfa Romeo Giulia SS,cars,classic cars,,,,,,,,,1965.0,,,Alfa Romeo Giulia SS,,2019-04-01,178500.0,90000.0,,45.0,,,2000.0,,trading,,,,,Currently trading. Submitted offering_date was 2019-04.,active,none,none,,,,,,,,,,,,,,,0,0,,,,,,,0.0,,-0.4957983193277311,-0.4957983193277311,,,,0.45,0.0
rally-82av1,82AV1,1982 Aston Martin V8 Vantage Oscar India,cars,classic cars,,,,,,,,,1982.0,,,Aston Martin V8 Vantage Oscar India,,2021-12-01,297500.0,163625.0,,11.0,,,14875.0,,trading,,,,,Currently trading. Submitted offering_date was 2021-12.,active,none,none,,,,,,,,,,,,,,,0,0,,,,,,,0.0,,-0.44999999999999996,-0.44999999999999996,,,,0.45,0.0
rally-94fs1,94FS1,1994 Ferrari 348 Spider,cars,classic cars,,,,,,,,,1994.0,,,Ferrari 348 Spider,,2019-09-01,145000.0,116000.0,,58.0,,,2000.0,,buyout_pending,,,,,Currently trading. Submitted offering_date was 2019-09.,halted,buyout_offer,pending,,2026-07-31T00:00:00Z,,87.0,174000.0,58.0,2026-06-24,0.5,,,,,,Pending offer metadata; not an executed trade or realized exit.,0,0,,,,,,,0.0,,-0.19999999999999996,-0.19999999999999996,,,,0.45,0.0
rally-94dv1,94DV1,1994 Dodge Viper RT/10,cars,classic cars,,,,,,,,,1994.0,,,Dodge Viper RT/10,,2018-12-01,57500.0,60000.0,,30.0,,,2000.0,,buyout_pending,,,,,Currently trading. Submitted offering_date was 2018-12.,halted,buyout_offer,pending,,2026-07-31T00:00:00Z,,31.5,63000.0,30.0,2026-06-29,0.05,,,,,,Pending offer metadata; not an executed trade or realized exit.,0,0,,,,,,,0.0,,0.04347826086956519,0.04347826086956519,,,,0.45,0.0
rally-99ss1,99SS1,1999 Shelby Series 1,cars,classic cars,,,,,,,,,1999.0,,,Shelby Series 1,,2019-09-01,137500.0,165000.0,,165.0,,,1000.0,,buyout_pending,,,,,Currently trading. Submitted offering_date was 2019-09.,halted,buyout_offer,pending,,2026-07-31T00:00:00Z,,165.5,165500.0,165.0,2026-06-23,0.0030303030303029,22.0,77.0,0.5,2026-07-31T00:00:00Z,True,"User-observed approximate, provisional, non-final vote snapshot; Advisory Decide approximately 0.5%. Not used in index calculations.",0,0,,,,,,,0.0,,0.19999999999999996,0.19999999999999996,,,,0.45,0.0
rally-69bm1,69BM1,1969 Boss 302 Mustang,cars,classic cars,,,,,,,,,1969.0,,,Boss 302 Mustang,,2017-11-01,115000.0,100000.0,,50.0,,,2000.0,,trading,,,,,Currently trading. Submitted offering_date was 2017-11.,active,none,none,,,,,,,,,,,,,,,0,0,,,,,,,0.0,,-0.13043478260869568,-0.13043478260869568,,,,0.45,0.0
rally-92ld1,92LD1,1992 Lancia Delta Martini 5,cars,classic cars,,,,,,,,,1992.0,,,Lancia Delta Martini 5,,2018-12-01,165000.0,127500.0,,42.5,,,3000.0,,trading,,,,,Currently trading. Submitted offering_date was 2018-12.,active,none,none,,,,,,,,,,,,,,,0,0,,,,,,,0.0,,-0.2272727272727273,-0.2272727272727273,,,,0.45,0.0
rally-92cc1,92CC1,1992 Chevrolet Corvette ZR-1,cars,classic cars,,,,,,,,,1992.0,,,Chevrolet Corvette ZR-1,,2019-09-01,52500.0,80000.0,,40.0,,,2000.0,,trading,,,,,Currently trading. Submitted offering_date was 2019-09.,active,none,none,,,,,,,,,,,,,,,0,0,,,,,,,0.0,,0.5238095238095237,0.5238095238095237,,,,0.45,0.0
rally-61je1,61JE1,1961 Jaguar E-Type,cars,classic cars,,,,,,,,,1961.0,,,Jaguar E-Type,,2019-04-01,246000.0,172500.0,,57.5,,,3000.0,,trading,,,,,Currently trading. Submitted offering_date was 2019-04.,active,none,none,,,,,,,,,,,,,,,0,0,,,,,,,0.0,,-0.2987804878048781,-0.2987804878048781,,,,0.45,0.0
rally-61mg1,61MG1,1961 Maserati 3500 GT,cars,classic cars,,,,,,,,,1961.0,,,Maserati 3500 GT,,2019-09-01,340000.0,215000.0,,43.0,,,5000.0,,trading,,,,,Currently trading. Submitted offering_date was 2019-09.,active,none,none,,,,,,,,,,,,,,,0,0,,,,,,,0.0,,-0.36764705882352944,-0.36764705882352944,,,,0.45,0.0
rally-72mc1,72MC1,1972 Mazda Cosmo Sport,cars,classic cars,,,,,,,,,1972.0,,,Mazda Cosmo Sport,,2018-12-01,124500.0,71500.0,,35.75,,,2000.0,,trading,,,,,Currently trading. Submitted offering_date was 2018-12.,active,none,none,,,,,,,,,,,,,,,0,0,,,,,,,0.0,,-0.4257028112449799,-0.4257028112449799,,,,0.45,0.0
rally-91mv1,91MV1,1991 Mitsubishi 3000GT VR-4,cars,classic cars,,,,,,,,,1991.0,,,Mitsubishi 3000GT VR-4,,2018-11-01,38000.0,36000.0,,18.0,,,2000.0,,buyout_pending,,,,,Currently trading. Submitted offering_date was 2018-11.,halted,buyout_offer,pending,,2026-07-31T00:00:00Z,,20.0,40000.0,18.0,2026-06-29,0.1111111111111111,,,,,,Pending offer metadata; not an executed trade or realized exit.,0,0,,,,,,,0.0,,-0.052631578947368474,-0.052631578947368474,,,,0.45,0.0
rally-75ra1,75RA1,1975 Renault Alpine A110,cars,classic cars,,,,,,,,,1975.0,,,Renault Alpine A110,,2019-03-01,84000.0,72150.0,,24.05,,,3000.0,,trading,,,,,Currently trading. Submitted offering_date was 2019-03.,active,none,none,,,,,,,,,,,,,,,0,0,,,,,,,0.0,,-0.14107142857142863,-0.14107142857142863,,,,0.45,0.0
rally-77le1,77LE1,1977 Lotus Esprit S1,cars,classic cars,,,,,,,,,1977.0,,,Lotus Esprit S1,,2016-11-01,77700.0,80200.0,,40.1,,,2000.0,,trading,,,,,Currently trading. Submitted offering_date was 2016-11.,active,none,none,,,,,,,,,,,,,,,0,0,,,,,,,0.0,,0.03217503217503226,0.03217503217503226,,,,0.45,0.0
rally-11bm1,11BM1,2011 BMW 1M,cars,classic cars,,,,,,,,,2011.0,,,BMW 1M,,2019-01-01,84000.0,84800.0,,42.4,,,2000.0,,trading,,,,,Currently trading. Submitted offering_date was 2019-01.,active,none,none,,,,,,,,,,,,,,,0,0,,,,,,,0.0,,0.00952380952380949,0.00952380952380949,,,,0.45,0.0
rally-catcher,CATCHER,J.D. Salinger's The Catcher in the Rye,books,rare books,,,,,,,,,,,,J.D. Salinger's The Catcher in the Rye,,2020-06-01,12500.0,,,,,,500.0,,exited,2026-07-20,27.95,13975.0,0.11799999999999988,Exited Books asset; no quarterly price observations added.,inactive,other_exit,completed,2026-07-20,,,,,,,,,,,,,,0,0,,,,,,,0.0,,,,,,,0.45,0.0
rally-einstein,EINSTEIN,"Albert Einstein's Philosopher-Scientist, Signed First Edition",books,rare books,,,,,,,,,,,,"Albert Einstein's Philosopher-Scientist, Signed First Edition",,2019-12-01,14500.0,,,,,,2000.0,,exited,2026-02-09,8.27,16540.0,0.14068965517241372,Exited Books asset; no quarterly price observations added.,inactive,other_exit,completed,2026-02-09,,,,,,,,,,,,,,0,0,,,,,,,0.0,,,,,,,0.45,0.0
rally-federal,FEDERAL,"Hamilton, Madison, and Jay's The Federalist, First Edition",books,rare books,,,,,,,,,,,,"Hamilton, Madison, and Jay's The Federalist, First Edition",,2021-01-01,150000.0,,,,,,10000.0,,exited,2024-09-19,19.5,195000.0,0.30000000000000004,Exited Books asset; no quarterly price observations added.,inactive,other_exit,completed,2024-09-19,,,,,,,,,,,,,,0,0,,,,,,,0.0,,,,,,,0.45,0.0
rally-hobbit,HOBBIT,"J.R.R. Tolkien's The Hobbit, First Edition",books,rare books,,,,,,,,,,,,"J.R.R. Tolkien's The Hobbit, First Edition",,2021-12-01,80000.0,,,,,,10000.0,,exited,2024-11-13,9.0,90000.0,0.125,Exited Books asset; no quarterly price observations added.,inactive,other_exit,completed,2024-11-13,,,,,,,,,,,,,,0,0,,,,,,,0.0,,,,,,,0.45,0.0
rally-potter,POTTER,J.K. Rowling's Harry Potter and the Philosopher's Stone,books,rare books,,,,,,,,,,,,J.K. Rowling's Harry Potter and the Philosopher's Stone,,2019-11-01,72000.0,,,,,,3000.0,,exited,2024-02-13,44.16666666666666,132500.0,0.8402777777777777,Exited Books asset; no quarterly price observations added. Exact total exit value is authoritative; per-share exit price is derived from it.,inactive,other_exit,completed,2024-02-13,,,,,,,,,,,,,,0,0,,,,,,,0.0,,,,,,,0.45,0.0
rally-warhol1,WARHOL1,"1967 Andy Warhol Marilyn Monroe Print, Signed",art,art,,,,,,,,,1967.0,,,"Andy Warhol Marilyn Monroe Print, Signed",,2022-05-01,170000.0,102000.0,,6.0,,,17000.0,,trading,,,,,Currently trading. Submitted offering_date was 2022-05. No price history has been ingested.,active,none,none,,,,,,,,,,,,,,,0,0,,,,,,,0.0,,-0.4,-0.4,,,,0.45,0.0
rally-grateful1,GRATEFUL1,1966 Grateful Dead Skeleton and Roses Poster,art,art,,,,,,,,,1966.0,,,Grateful Dead Skeleton and Roses Poster,,2022-10-01,125000.0,90000.0,,7.2,,,12500.0,,trading,,,,,Currently trading. Submitted offering_date was 2022-10. No price history has been ingested.,active,none,none,,,,,,,,,,,,,,,0,0,,,,,,,0.0,,-0.28,-0.28,,,,0.45,0.0
rally-warhol2,WARHOL2,"1969 Andy Warhol Campbell’s Soup Print, Signed",art,art,,,,,,,,,1969.0,,,"Andy Warhol Campbells Soup Print, Signed",,2022-07-01,65000.0,46800.0,,7.2,,,6500.0,,trading,,,,,Currently trading. Submitted offering_date was 2022-07. No price history has been ingested.,active,none,none,,,,,,,,,,,,,,,0,0,,,,,,,0.0,,-0.28,-0.28,,,,0.45,0.0
rally-sachs1,SACHS1,Tom Sachs Rocket Factory “Game Changer”,art,art,,,,,,,,,,,,Tom Sachs Rocket Factory Game Changer,,2022-05-01,21500.0,4300.0,,2.0,,,2150.0,,trading,,,,,Currently trading. Submitted offering_date was 2022-05. No price history has been ingested.,active,none,none,,,,,,,,,,,,,,,0,0,,,,,,,0.0,,-0.8,-0.8,,,,0.45,0.0
rally-andypele,ANDYPELE,1977 Andy Warhol Pelé Polaroid,art,art,,,,,,,,,1977.0,,,Andy Warhol Pele Polaroid,,2022-08-01,26000.0,15600.0,,2.4,,,6500.0,,trading,,,,,Currently trading. Submitted offering_date was 2022-08. No price history has been ingested.,active,none,none,,,,,,,,,,,,,,,0,0,,,,,,,0.0,,-0.4,-0.4,,,,0.45,0.0
rally-hirst1,HIRST1,"Damien Hirst, The Currency, Painting",art,art,,,,,,,,,,,,"Damien Hirst, The Currency, Painting",,2022-03-01,20000.0,15000.0,,3.0,,,5000.0,,trading,,,,,Currently trading. Submitted offering_date was 2022-03. No price history has been ingested.,active,none,none,,,,,,,,,,,,,,,0,0,,,,,,,0.0,,-0.25,-0.25,,,,0.45,0.0
rally-gold1,GOLD1,172 GM Gold Nugget,precious minerals,precious minerals,,,,,,,,,,,,172 GM Gold Nugget,,2022-04-01,16000.0,40000.0,,10.0,,,4000.0,,trading,,,,,Alaska gold nugget weighing 172 grams. Currently trading. Submitted offering_date was 2022-04. No price history has been ingested.,active,none,none,,,,,,,,,,,,,,,0,0,,,,,,,0.0,,1.5,1.5,,,,0.45,0.0
rally-meteorite,METEORITE,Lunar Meteorite,precious minerals,meteorites,,,,,,,,,,,,Lunar Meteorite,,2021-08-01,350000.0,126875.0,,7.25,,,17500.0,,trading,,,,,Lunar meteorite. Currently trading. Submitted offering_date was 2021-08. No price history has been ingested.,active,none,none,,,,,,,,,,,,,,,0,0,,,,,,,0.0,,-0.6375,-0.6375,,,,0.45,0.0
rally-1857coin,1857COIN,1857 “Ship of Gold” Coin,coins,coins,,,,,,,,,,,,1857 Ship of Gold Coin,,2022-08-01,25000.0,80000.0,,16.0,,,5000.0,,trading,,,,,Rare 1857-S $20 gold coin salvaged from the SS Central America. Currently trading. Submitted offering_date was 2022-08. No price history has been ingested.,active,none,none,,,,,,,,,,,,,,,0,0,,,,,,,0.0,,2.2,2.2,,,,0.45,0.0
rally-justinian,JUSTINIAN,First Depiction of Christ on a Coin,coins,ancient coins,,,,,,,,,,,,First Depiction of Christ on a Coin,,2021-12-01,18000.0,30000.0,,15.0,,,2000.0,,trading,,,,,Coin dated to approximately 695 AD featuring the first depiction of Christ on a coin. Currently trading. Submitted offering_date was 2021-12. No price history has been ingested.,active,none,none,,,,,,,,,,,,,,,0,0,,,,,,,0.0,,0.6666666666666667,0.6666666666666667,,,,0.45,0.0
rally-croesus,CROESUS,561–546 BC First Gold Coin,coins,ancient coins,,,,,,,,,,,,561546 BC First Gold Coin,,2022-07-01,64000.0,66400.0,,8.3,,,8000.0,,trading,,,,,Ancient Lydian gold coin associated with King Croesus and the early development of gold coinage. Currently trading. Submitted offering_date was 2022-07. No price history has been ingested.,active,none,none,,,,,,,,,,,,,,,0,0,,,,,,,0.0,,0.03750000000000009,0.03750000000000009,,,,0.45,0.0
rally-super21,SUPER21,1943 DC Comics Superman #21,comics,comics,Superman #21,,DC Comics,1943.0,21.0,,,,1943.0,,,DC Comics Superman #21,,2020-05-01,8500.0,16575.0,,1.95,,,8500.0,,trading,,,,,Submitted offering_date was 2020-05. No Comics price history has been ingested.,active,none,none,,,,,,,,,,,,,,,0,0,,,,,,,0.0,,0.95,0.95,,,,0.45,0.0
rally-batman3,BATMAN3,1940 DC Comics Batman #3,comics,comics,Batman #3,,DC Comics,1940.0,3.0,,,,1940.0,,,DC Comics Batman #3,,2020-02-01,78000.0,85000.0,,85.0,,,1000.0,,trading,,,,,Submitted offering_date was 2020-02. No Comics price history has been ingested.,active,none,none,,,,,,,,,,,,,,,0,0,,,,,,,0.0,,0.08974358974358965,0.08974358974358965,,,,0.45,0.0
rally-starwars1,STARWARS1,1977 Marvel Star Wars #1,comics,comics,Star Wars #1,,Marvel,1977.0,1.0,,,,1977.0,,,Marvel Star Wars #1,,2020-07-01,12000.0,25800.0,,2.15,,,12000.0,,trading,,,,,Submitted offering_date was 2020-07. No Comics price history has been ingested.,active,none,none,,,,,,,,,,,,,,,0,0,,,,,,,0.0,,1.15,1.15,,,,0.45,0.0
rally-avengers57,AVENGERS57,1968 Marvel The Avengers #57,comics,comics,The Avengers #57,,Marvel,1968.0,57.0,,,,1968.0,,,Marvel The Avengers #57,,2020-12-01,20000.0,18000.0,,0.9,,,20000.0,,trading,,,,,Submitted offering_date was 2020-12. No Comics price history has been ingested.,active,none,none,,,,,,,,,,,,,,,0,0,,,,,,,0.0,,-0.09999999999999998,-0.09999999999999998,,,,0.45,0.0
rally-fan45,FAN45,1962 Marvel Fantastic Four #5,comics,comics,Fantastic Four #5,First appearance of Doctor Doom,Marvel,1962.0,5.0,,,,1962.0,,,Marvel Fantastic Four #5,,2021-03-01,80000.0,77000.0,,7.7,,,10000.0,,trading,,,,,First appearance of Doctor Doom. Submitted offering_date was 2021-03. No Comics price history has been ingested.,active,none,none,,,,,,,,,,,,,,,0,0,,,,,,,0.0,,-0.03749999999999998,-0.03749999999999998,,,,0.45,0.0
rally-batman2,BATMAN2,1940 DC Comics Batman #2,comics,comics,Batman #2,,DC Comics,1940.0,2.0,,,,1940.0,,,DC Comics Batman #2,,2021-05-01,85000.0,59500.0,,7.0,,,8500.0,,trading,,,,,Submitted offering_date was 2021-05. No Comics price history has been ingested.,active,none,none,,,,,,,,,,,,,,,0,0,,,,,,,0.0,,-0.30000000000000004,-0.30000000000000004,,,,0.45,0.0
rally-spider1,SPIDER1,1963 Marvel The Amazing Spider-Man #1,comics,comics,The Amazing Spider-Man #1,,Marvel,1963.0,1.0,,,,1963.0,,,Marvel The Amazing Spider-Man #1,,2020-02-01,22000.0,30000.0,,30.0,,,1000.0,,trading,,,,,Submitted offering_date was 2020-02. No Comics price history has been ingested.,active,none,none,,,,,,,,,,,,,,,0,0,,,,,,,0.0,,0.36363636363636354,0.36363636363636354,,,,0.45,0.0
rally-batman181,BATMAN181,1966 DC Comics Batman #181,comics,comics,Batman #181,First appearance of Poison Ivy,DC Comics,1966.0,181.0,,,,1966.0,,,DC Comics Batman #181,,2021-12-01,50000.0,28000.0,,5.6,,,5000.0,,trading,,,,,First appearance of Poison Ivy. Submitted offering_date was 2021-12. No Comics price history has been ingested.,active,none,none,,,,,,,,,,,,,,,0,0,,,,,,,0.0,,-0.43999999999999995,-0.43999999999999995,,,,0.45,0.0
rally-penguin,PENGUIN,1941 DC Comics Detective Comics #58,comics,comics,Detective Comics #58,First appearance of the Penguin,DC Comics,1941.0,58.0,,,,1941.0,,,DC Comics Detective Comics #58,,2021-11-01,60000.0,27500.0,,2.75,,,10000.0,,trading,,,,,First appearance of the Penguin. Submitted offering_date was 2021-11. No Comics price history has been ingested.,active,none,none,,,,,,,,,,,,,,,0,0,,,,,,,0.0,,-0.5416666666666667,-0.5416666666666667,,,,0.45,0.0
rally-surfer4,SURFER4,1968 Marvel Silver Surfer #4,comics,comics,Silver Surfer #4,Silver Surfer battles Thor,Marvel,1968.0,4.0,,,,1968.0,,,Marvel Silver Surfer #4,,2021-11-01,80000.0,35000.0,,3.5,,,10000.0,,trading,,,,,Silver Surfer battles Thor. Submitted offering_date was 2021-11. No Comics price history has been ingested.,active,none,none,,,,,,,,,,,,,,,0,0,,,,,,,0.0,,-0.5625,-0.5625,,,,0.45,0.0
rally-spider129,SPIDER129,1974 Marvel The Amazing Spider-Man #129,comics,comics,The Amazing Spider-Man #129,First appearance of the Punisher,Marvel,1974.0,129.0,,,,1974.0,,,Marvel The Amazing Spider-Man #129,,2021-10-01,40000.0,21500.0,,2.15,,,10000.0,,trading,,,,,First appearance of the Punisher. Submitted offering_date was 2021-10. No Comics price history has been ingested.,active,none,none,,,,,,,,,,,,,,,0,0,,,,,,,0.0,,-0.4625,-0.4625,,,,0.45,0.0
rally-showcase4,SHOWCASE4,1956 DC Comics Showcase #4,comics,comics,Showcase #4,First appearance of the Silver Age Flash,DC Comics,1956.0,4.0,,,,1956.0,,,DC Comics Showcase #4,,2022-01-01,77000.0,47849.99999999999,,4.35,,,11000.0,,trading,,,,,First appearance of the Silver Age Flash. Submitted offering_date was 2022-01. No Comics price history has been ingested.,active,none,none,,,,,,,,,,,,,,,0,0,,,,,,,0.0,,-0.37857142857142867,-0.37857142857142867,,,,0.45,0.0
rally-hulk180,HULK180,1974 Marvel The Incredible Hulk #180,comics,comics,The Incredible Hulk #180,First cameo appearance of Wolverine,Marvel,1974.0,180.0,,,,1974.0,,,Marvel The Incredible Hulk #180,,2021-12-01,42000.0,20500.0,,2.05,,,10000.0,,trading,,,,,First cameo appearance of Wolverine. Submitted offering_date was 2021-12. No Comics price history has been ingested.,active,none,none,,,,,,,,,,,,,,,0,0,,,,,,,0.0,,-0.5119047619047619,-0.5119047619047619,,,,0.45,0.0
rally-59flash,59FLASH,1959 DC Comics The Flash #105,comics,comics,The Flash #105,,DC Comics,1959.0,105.0,,,,1959.0,,,DC Comics The Flash #105,,2021-01-01,65000.0,47500.0,,4.75,,,10000.0,,trading,,,,,Submitted offering_date was 2021-01. No Comics price history has been ingested.,active,none,none,,,,,,,,,,,,,,,0,0,,,,,,,0.0,,-0.2692307692307693,-0.2692307692307693,,,,0.45,0.0
rally-ac23,AC23,1940 DC Comics Action Comics #23,comics,comics,Action Comics #23,First appearance of Lex Luthor,DC Comics,1940.0,23.0,,,,1940.0,,,DC Comics Action Comics #23,,2021-05-01,28000.0,20000.0,,5.0,,,4000.0,,trading,,,,,First appearance of Lex Luthor. Submitted offering_date was 2021-05. No Comics price history has been ingested.,active,none,none,,,,,,,,,,,,,,,0,0,,,,,,,0.0,,-0.2857142857142857,-0.2857142857142857,,,,0.45,0.0
rally-spider10,SPIDER10,1964 Marvel The Amazing Spider-Man #10,comics,comics,The Amazing Spider-Man #10,,Marvel,1964.0,10.0,,,,1964.0,,,Marvel The Amazing Spider-Man #10,,2020-09-01,21000.0,14280.0,,3.4,,,4200.0,,trading,,,,,Submitted offering_date was 2020-09. No Comics price history has been ingested.,active,none,none,,,,,,,,,,,,,,,0,0,,,,,,,0.0,,-0.31999999999999995,-0.31999999999999995,,,,0.45,0.0
rally-flash123,FLASH123,1961 DC Comics The Flash #123,comics,comics,The Flash #123,Landmark multiverse story,DC Comics,1961.0,123.0,,,,1961.0,,,DC Comics The Flash #123,,2021-06-01,29000.0,13593.75,,3.75,,,3625.0,,trading,,,,,Landmark multiverse story. Submitted offering_date was 2021-06. No Comics price history has been ingested.,active,none,none,,,,,,,,,,,,,,,0,0,,,,,,,0.0,,-0.53125,-0.53125,,,,0.45,0.0
rally-xlxmen1,XLXMEN1,1975 Marvel Giant-Size X-Men #1,comics,comics,Giant-Size X-Men #1,First appearance of the new X-Men team,Marvel,1975.0,1.0,,,,1975.0,,,Marvel Giant-Size X-Men #1,,2021-08-01,64000.0,32000.0,,4.0,,,8000.0,,trading,,,,,First appearance of the new X-Men team. Submitted offering_date was 2021-08. No Comics price history has been ingested.,active,none,none,,,,,,,,,,,,,,,0,0,,,,,,,0.0,,-0.5,-0.5,,,,0.45,0.0
rally-xmen94,XMEN94,1975 Marvel X-Men #94,comics,comics,X-Men #94,New X-Men team enters the title series,Marvel,1975.0,94.0,,,,1975.0,,,Marvel X-Men #94,,2021-08-01,65000.0,27500.0,,2.75,,,10000.0,,trading,,,,,New X-Men team enters the title series. Submitted offering_date was 2021-08. No Comics price history has been ingested.,active,none,none,,,,,,,,,,,,,,,0,0,,,,,,,0.0,,-0.5769230769230769,-0.5769230769230769,,,,0.45,0.0
rally-dracula10,DRACULA10,1973 Marvel Tomb of Dracula #10,comics,comics,Tomb of Dracula #10,First appearance of Blade,Marvel,1973.0,10.0,,,,1973.0,,,Marvel Tomb of Dracula #10,,2022-08-01,40000.0,6600.0,,1.65,,,4000.0,,trading,,,,,First appearance of Blade. Submitted offering_date was 2022-08. No Comics price history has been ingested.,active,none,none,,,,,,,,,,,,,,,0,0,,,,,,,0.0,,-0.835,-0.835,,,,0.45,0.0
rally-ghost1,GHOST1,1973 Marvel Ghost Rider #1,comics,comics,Ghost Rider #1,,Marvel,1973.0,1.0,,,,1973.0,,,Marvel Ghost Rider #1,,2021-10-01,14000.0,10000.0,,5.0,,,2000.0,,trading,,,,,Submitted offering_date was 2021-10. No Comics price history has been ingested.,active,none,none,,,,,,,,,,,,,,,0,0,,,,,,,0.0,,-0.2857142857142857,-0.2857142857142857,,,,0.45,0.0
rally-captain3,CAPTAIN3,1941 Timely Comics Captain America Comics #3,comics,comics,Captain America Comics #3,,Timely Comics,1941.0,3.0,,,,1941.0,,,Timely Comics Captain America Comics #3,,2020-07-01,37000.0,21250.0,,21.25,,,1000.0,,trading,,,,,Submitted offering_date was 2020-07. No Comics price history has been ingested.,active,none,none,,,,,,,,,,,,,,,0,0,,,,,,,0.0,,-0.42567567567567566,-0.42567567567567566,,,,0.45,0.0
rally-superman6,SUPERMAN6,1940 DC Comics Superman #6,comics,comics,Superman #6,,DC Comics,1940.0,6.0,,,,1940.0,,,DC Comics Superman #6,,2022-07-01,24000.0,22350.0,,7.45,,,3000.0,,trading,,,,,Submitted offering_date was 2022-07. No Comics price history has been ingested.,active,none,none,,,,,,,,,,,,,,,0,0,,,,,,,0.0,,-0.06874999999999998,-0.06874999999999998,,,,0.45,0.0
rally-batman6,BATMAN6,1941 DC Comics Batman #6,comics,comics,Batman #6,,DC Comics,1941.0,6.0,,,,1941.0,,,DC Comics Batman #6,,2020-10-01,27000.0,17400.0,,8.7,,,2000.0,,buyout_pending,,,,,Submitted offering_date was 2020-10. No Comics price history has been ingested.,halted,buyout_offer,pending,,,,11.0,22000.0,,,,,,,,,Pending offer metadata only; not an executed trade or completed exit.,0,0,,,,,,,0.0,,-0.3555555555555555,-0.3555555555555555,,,,0.45,0.0
rally-wolverine,WOLVERINE,1974 Marvel The Incredible Hulk #181,comics,comics,The Incredible Hulk #181,First full appearance of Wolverine,Marvel,1974.0,181.0,,,,1974.0,,,Marvel The Incredible Hulk #181,,2021-01-01,47500.0,,,,,,5000.0,,buyout_pending,,,,,First full appearance of Wolverine. Submitted offering_date was 2021-01. No Comics price history has been ingested.,halted,buyout_offer,pending,,,,11.4,57000.0,,,,,,,,,Pending offer metadata only; not an executed trade or completed exit.,0,0,,,,,,,0.0,,,,,,,0.45,0.0
rally-batman,BATMAN,"1940 DC Comics Batman #1, CGC 8.0",comics,comics,"Batman #1, CGC 8.0",,DC Comics,1940.0,1.0,CGC 8.0,,,1940.0,,,"DC Comics Batman #1, CGC 8.0",,2022-12-01,1800000.0,,,,,,180000.0,,exited,,11.11,2000000.0,0.11111111111111116,Submitted offering_date was 2022-12. No Comics price history has been ingested.,inactive,buyout,completed,,,,,,,,,,,,,,,0,0,,,,,,,0.0,,,,,,,0.45,0.0
rally-batman1,BATMAN1,"1940 DC Comics Batman #1, CGC 1.5",comics,comics,"Batman #1, CGC 1.5",,DC Comics,1940.0,1.0,CGC 1.5,,,1940.0,,,"DC Comics Batman #1, CGC 1.5",,2020-06-01,71000.0,,,,,,1000.0,,exited,,103.95,103950.0,0.46408450704225346,Submitted offering_date was 2020-06. No Comics price history has been ingested.,inactive,buyout,completed,,,,,,,,,,,,,,,0,0,,,,,,,0.0,,,,,,,0.45,0.0
rally-justise1,JUSTISE1,1960 DC Comics Justice League of America #1,comics,comics,Justice League of America #1,,DC Comics,1960.0,1.0,,,,1960.0,,,DC Comics Justice League of America #1,,2020-11-01,215000.0,,,,,,5000.0,,exited,,45.0,225000.0,0.04651162790697683,Submitted offering_date was 2020-11. No Comics price history has been ingested.,inactive,buyout,completed,,,,,,,,,,,,,,,0,0,,,,,,,0.0,,,,,,,0.45,0.0
rally-thor,THOR,1962 Marvel Journey into Mystery #83,comics,comics,Journey into Mystery #83,First appearance of Thor,Marvel,1962.0,83.0,,,,1962.0,,,Marvel Journey into Mystery #83,,2021-01-01,215000.0,,,,,,10750.0,,exited,,24.28,261000.0,0.21395348837209305,First appearance of Thor. Submitted offering_date was 2021-01. No Comics price history has been ingested.,inactive,buyout,completed,,,,,,,,,,,,,,,0,0,,,,,,,0.0,,,,,,,0.45,0.0
rally-tmnt1,TMNT1,1984 Teenage Mutant Ninja Turtles #1,comics,comics,Teenage Mutant Ninja Turtles #1,,,1984.0,1.0,,,,1984.0,,,Teenage Mutant Ninja Turtles #1,,2020-07-01,65000.0,,,,,,1000.0,,exited,,100.0,100000.0,0.5384615384615385,Submitted offering_date was 2020-07. No Comics price history has been ingested.,inactive,buyout,completed,,,,,,,,,,,,,,,0,0,,,,,,,0.0,,,,,,,0.45,0.0
rally-af15,AF15,1962 Marvel Amazing Fantasy #15,comics,comics,Amazing Fantasy #15,First appearance of Spider-Man,Marvel,1962.0,15.0,,,,1962.0,,,Marvel Amazing Fantasy #15,,2020-10-01,200000.0,,,,,,8000.0,,exited,,30.0,240000.0,0.19999999999999996,First appearance of Spider-Man. Submitted offering_date was 2020-10. No Comics price history has been ingested.,inactive,buyout,completed,,,,,,,,,,,,,,,0,0,,,,,,,0.0,,,,,,,0.45,0.0
rally-fan41,FAN41,1961 Marvel Fantastic Four #1,comics,comics,Fantastic Four #1,,Marvel,1961.0,1.0,,,,1961.0,,,Marvel Fantastic Four #1,,2020-08-01,105000.0,,,,,,2000.0,,exited,,63.0,126000.0,0.19999999999999996,Submitted offering_date was 2020-08. No Comics price history has been ingested.,inactive,buyout,completed,,,,,,,,,,,,,,,0,0,,,,,,,0.0,,,,,,,0.45,0.0
rally-xmen1,XMEN1,1963 Marvel X-Men #1,comics,comics,X-Men #1,,Marvel,1963.0,1.0,,,,1963.0,,,Marvel X-Men #1,,2021-03-01,240000.0,,,,,,12000.0,,exited,,27.08,325000.0,0.3541666666666665,Submitted offering_date was 2021-03. No Comics price history has been ingested.,inactive,buyout,completed,,,,,,,,,,,,,,,0,0,,,,,,,0.0,,,,,,,0.45,0.0
rally-avengers1,AVENGERS1,1963 Marvel The Avengers #1,comics,comics,The Avengers #1,,Marvel,1963.0,1.0,,,,1963.0,,,Marvel The Avengers #1,,2020-12-01,270000.0,,,,,,5000.0,,exited,,65.0,325000.0,0.20370370370370372,Submitted offering_date was 2020-12. No Comics price history has been ingested.,inactive,buyout,completed,,,,,,,,,,,,,,,0,0,,,,,,,0.0,,,,,,,0.45,0.0
rally-tos39,TOS39,1963 Marvel Tales of Suspense #39,comics,comics,Tales of Suspense #39,First appearance of Iron Man,Marvel,1963.0,39.0,,,,1963.0,,,Marvel Tales of Suspense #39,,2020-08-01,135000.0,,,,,,3000.0,,exited,,80.0,240000.0,0.7777777777777777,First appearance of Iron Man. Submitted offering_date was 2020-08. No Comics price history has been ingested.,inactive,buyout,completed,,,,,,,,,,,,,,,0,0,,,,,,,0.0,,,,,,,0.45,0.0
rally-hulk1,HULK1,1962 Marvel The Incredible Hulk #1,comics,comics,The Incredible Hulk #1,,Marvel,1962.0,1.0,,,,1962.0,,,Marvel The Incredible Hulk #1,,2020-05-01,89000.0,,,,,,2000.0,,exited,,58.0,116000.0,0.303370786516854,Submitted offering_date was 2020-05. No Comics price history has been ingested.,inactive,buyout,completed,,,,,,,,,,,,,,,0,0,,,,,,,0.0,,,,,,,0.45,0.0
rally-daredev1,DAREDEV1,1964 Marvel Daredevil #1,comics,comics,Daredevil #1,,Marvel,1964.0,1.0,,,,1964.0,,,Marvel Daredevil #1,,2020-07-01,11500.0,,,,,,11500.0,,exited,,1.92,22080.0,0.9199999999999999,Submitted offering_date was 2020-07. No Comics price history has been ingested.,inactive,buyout,completed,,,,,,,,,,,,,,,0,0,,,,,,,0.0,,,,,,,0.45,0.0
rally-super14,SUPER14,1942 DC Comics Superman #14,comics,comics,Superman #14,,DC Comics,1942.0,14.0,,,,1942.0,,,DC Comics Superman #14,,2020-11-01,130000.0,,,,,,5200.0,,exited,,30.0,156000.0,0.19999999999999996,Submitted offering_date was 2020-11. No Comics price history has been ingested.,inactive,buyout,completed,,,,,,,,,,,,,,,0,0,,,,,,,0.0,,,,,,,0.45,0.0
rally-gymbox,GYMBOX,2000 Pokémon Gym Heroes First Edition Booster Box,trading cards,booster box,Pokémon Gym Heroes First Edition Booster Box,Pokémon,,2000.0,,,,,2000.0,,Box,Pokemon Gym Heroes First Edition Booster,,2021-03-01,18000.0,41100.0,,13.7,,,3000.0,,trading,,,,,Currently trading. Submitted offering_date was 2021-03.,active,none,none,,,,,,,,,,,,,,,0,0,,,,,,,0.0,,1.2833333333333332,1.2833333333333332,,,,0.45,0.0
rally-pokemon2,POKEMON2,1999 Pokémon First Edition Booster Box,trading cards,booster box,Pokémon First Edition Booster Box,Pokémon,,1999.0,,,,,1999.0,,Box,Pokemon First Edition Booster,,2021-04-01,415000.0,365200.00000000006,,8.8,,,41500.0,,trading,,,,,Currently trading. Submitted offering_date was 2021-04.,active,none,none,,,,,,,,,,,,,,,0,0,,,,,,,0.0,,-0.11999999999999988,-0.11999999999999988,,,,0.45,0.0
rally-fossilbox,FOSSILBOX,1999 Pokémon Fossil First Edition Booster Box,trading cards,booster box,Pokémon Fossil First Edition Booster Box,Pokémon,,1999.0,,,,,1999.0,,Box,Pokemon Fossil First Edition Booster,,2021-01-01,21000.0,42420.0,,10.1,,,4200.0,,trading,,,,,Currently trading. Submitted offering_date was 2021-01.,active,none,none,,,,,,,,,,,,,,,0,0,,,,,,,0.0,,1.02,1.02,,,,0.45,0.0
rally-blastoise,BLASTOISE,1998 Pokémon Blastoise Test Print Card,trading cards,individual card,Pokémon Blastoise Test Print Card,Pokémon,,1998.0,,,,,1998.0,,,Pokemon Blastoise Test Print Card,,2021-12-01,250000.0,112500.0,,2.25,,,50000.0,,trading,,,,,Currently trading. Submitted offering_date was 2021-12.,active,none,none,,,,,,,,,,,,,,,0,0,,,,,,,0.0,,-0.55,-0.55,,,,0.45,0.0
rally-05jayz,05JAYZ,2005 Topps Jay-Z Autographed Card,trading cards,autographed card,2005 Topps Jay-Z Autographed Card,Jay-Z / music memorabilia,Topps,2005.0,,,,,2005.0,,,Topps Jay-Z Autographed Card,,2021-12-01,18500.0,5365.0,,1.45,,,3700.0,,trading,,,,,Currently trading. Submitted offering_date was 2021-12.,active,none,none,,,,,,,,,,,,,,,0,0,,,,,,,0.0,,-0.71,-0.71,,,,0.45,0.0
rally-rocketbox,ROCKETBOX,2000 Pokémon Team Rocket First Edition Booster Box,trading cards,booster box,Pokémon Team Rocket First Edition Booster Box,Pokémon,,2000.0,,,,,2000.0,,Box,Pokemon Team Rocket First Edition Booster,,2021-03-01,28500.0,33250.0,,7.0,,,4750.0,,trading,,,,,Currently trading. Submitted offering_date was 2021-03.,active,none,none,,,,,,,,,,,,,,,0,0,,,,,,,0.0,,0.16666666666666674,0.16666666666666674,,,,0.45,0.0
rally-junglebox,JUNGLEBOX,1999 Pokémon Jungle First Edition Booster Box,trading cards,booster box,Pokémon Jungle First Edition Booster Box,Pokémon,,1999.0,,,,,1999.0,,Box,Pokemon Jungle First Edition Booster,,2021-01-01,34500.0,34845.0,,5.05,,,6900.0,,trading,,,,,Currently trading. Submitted offering_date was 2021-01.,active,none,none,,,,,,,,,,,,,,,0,0,,,,,,,0.0,,0.010000000000000009,0.010000000000000009,,,,0.45,0.0
rally-99tmb2,99TMB2,1999 Pokémon Tropical Mega Battle Trophy Card,trading cards,trophy card,Pokémon Tropical Mega Battle Trophy Card,Pokémon,,1999.0,,,,,1999.0,,,Pokemon Tropical Mega Battle Trophy Card,,2020-12-01,60000.0,30000.0,,3.0,,,10000.0,,trading,,,,,Currently trading. Submitted offering_date was 2020-12.,active,none,none,,,,,,,,,,,,,,,0,0,,,,,,,0.0,,-0.5,-0.5,,,,0.45,0.0
rally-85gpk2,85GPK2,"1985 Garbage Pail Kids Wax Box, Sealed",trading cards,sealed wax box,Garbage Pail Kids Sealed Wax Box,Garbage Pail Kids,Topps,1985.0,,,,,1985.0,,Box,Garbage Pail Kids Wax,,2022-03-01,25000.0,14500.0,,2.9,,,5000.0,,trading,,,,,Currently trading. Submitted offering_date was 2022-03.,active,none,none,,,,,,,,,,,,,,,0,0,,,,,,,0.0,,-0.42000000000000004,-0.42000000000000004,,,,0.45,0.0
rally-beatles2,BEATLES2,"1963 Beatles Fan Club Card, Signed by All Four Beatles",trading cards,signed card,"Beatles Fan Club Card, Band-Signed",Beatles / music memorabilia,,1963.0,,,,,1963.0,,,"Beatles Fan Club Card, Signed by All Four Beatles",,2022-03-01,25000.0,18750.0,,7.5,,,2500.0,,trading,,,,,Currently trading. Submitted offering_date was 2022-03.,active,none,none,,,,,,,,,,,,,,,0,0,,,,,,,0.0,,-0.25,-0.25,,,,0.45,0.0
rally-homer,HOMER,1993 SkyBox Homer Simpson Art de Bart Signed Sketch,trading cards,signed sketch card,Homer Simpson Art de Bart Signed Sketch,The Simpsons; signer: Matt Groening,SkyBox,1993.0,,,,,1993.0,,Box,SkyBox Homer Simpson Art de Bart Signed Sketch,,2022-04-01,21000.0,12450.0,,4.15,,,3000.0,,trading,,,,,Currently trading. Submitted offering_date was 2022-04.,active,none,none,,,,,,,,,,,,,,,0,0,,,,,,,0.0,,-0.40714285714285714,-0.40714285714285714,,,,0.45,0.0
rally-bart,BART,1993 SkyBox Bart Simpson Art de Bart Signed Sketch,trading cards,signed sketch card,Bart Simpson Art de Bart Signed Sketch,The Simpsons; signer: Matt Groening,SkyBox,1993.0,,,,,1993.0,,Box,SkyBox Bart Simpson Art de Bart Signed Sketch,,2022-04-01,21000.0,21000.0,,7.0,,,3000.0,,trading,,,,,Currently trading. Submitted offering_date was 2022-04.,active,none,none,,,,,,,,,,,,,,,0,0,,,,,,,0.0,,0.0,0.0,,,,0.45,0.0
rally-95topsun,95TOPSUN,1995 Pokémon Japanese Topsun Booster Box,trading cards,booster box,Pokémon Japanese Topsun Booster Box,Pokémon,Topsun,1995.0,,,,,1995.0,,Box,Pokemon Japanese Topsun Booster,,2021-03-01,60000.0,22500.0,,2.25,,,10000.0,,trading,,,,,Currently trading. Submitted offering_date was 2021-03.,active,none,none,,,,,,,,,,,,,,,0,0,,,,,,,0.0,,-0.625,-0.625,,,,0.45,0.0
rally-85gpk,85GPK,1985 Garbage Pail Kids Nasty Nick Sticker Card,trading cards,individual card,Garbage Pail Kids Nasty Nick Sticker Card,Garbage Pail Kids,Topps,1985.0,,,,,1985.0,,,Garbage Pail Kids Nasty Nick Sticker Card,,2021-06-01,12000.0,7000.0,,7.0,,,1000.0,,trading,,,,,Currently trading. Submitted offering_date was 2021-06.,active,none,none,,,,,,,,,,,,,,,0,0,,,,,,,0.0,,-0.41666666666666663,-0.41666666666666663,,,,0.45,0.0
rally-starwars3,STARWARS3,1977 Topps Star Wars Series 1–5 Unopened Boxes,trading cards,unopened card boxes,Topps Star Wars Series 1–5 Unopened Boxes,Star Wars,Topps,1977.0,,,,,1977.0,,Box,Topps Star Wars Series 15 Unopened Boxes,,2022-05-01,26000.0,16120.0,,6.2,,,2600.0,,trading,,,,,Currently trading. Submitted offering_date was 2022-05.,active,none,none,,,,,,,,,,,,,,,0,0,,,,,,,0.0,,-0.38,-0.38,,,,0.45,0.0
rally-95charzrd,95CHARZRD,1996 Pokémon Japanese No Rarity Charizard,trading cards,individual card,Pokémon Japanese No Rarity Charizard,Pokémon,,1996.0,,,,,1996.0,,,Pokemon Japanese No Rarity Charizard,,2020-12-01,65000.0,,,,,,6500.0,,exited,,11.538461538461538,75000.0,0.15384615384615374,Completed buyout; exit date unknown. Submitted offering_date was 2020-12.,inactive,buyout,completed,,,,,,,,,,,,,,,0,0,,,,,,,0.0,,,,,,,0.45,0.0
rally-pokelugia,POKELUGIA,2000 Pokémon First Edition Neo Genesis Lugia Card,trading cards,individual card,Pokémon First Edition Neo Genesis Lugia Card,Pokémon,,2000.0,,,,,2000.0,,,Pokemon First Edition Neo Genesis Lugia Card,,2021-03-01,110000.0,,,,,,10000.0,,exited,,11.5,115000.0,0.045454545454545414,Completed buyout; exit date unknown. Submitted offering_date was 2021-03.,inactive,buyout,completed,,,,,,,,,,,,,,,0,0,,,,,,,0.0,,,,,,,0.45,0.0
rally-pokemon3,POKEMON3,1999 Pokémon First Edition Complete Set,trading cards,complete set,Pokémon First Edition Complete Set,Pokémon,,1999.0,,,,,1999.0,,,Pokemon First Edition Complete Set,,2021-04-01,600000.0,,,,,,5000.0,,exited,,182.326,911630.0,0.5193833333333333,Completed buyout; exit date unknown. Submitted offering_date was 2021-04.,inactive,buyout,completed,,,,,,,,,,,,,,,0,0,,,,,,,0.0,,,,,,,0.45,0.0
rally-99charzrd,99CHARZRD,1999 Pokémon First Edition Charizard Holo #4,trading cards,individual card,Pokémon First Edition Charizard Holo #4,Pokémon,,1999.0,,,,,1999.0,,,Pokemon First Edition Charizard Holo #4,,2021-03-01,350000.0,,,,,,35000.0,,exited,,8.571428571428571,300000.0,-0.1428571428571429,Completed buyout; exit date unknown. Submitted offering_date was 2021-03.,inactive,buyout,completed,,,,,,,,,,,,,,,0,0,,,,,,,0.0,,,,,,,0.45,0.0
rally-98knga,98KNGA,1998 Pokémon Family Event Kangaskhan Trophy Card,trading cards,trophy card,Pokémon Family Event Kangaskhan Trophy Card,Pokémon,,1998.0,,,,,1998.0,,,Pokemon Family Event Kangaskhan Trophy Card,,2020-12-01,170000.0,,,,,,21250.0,,exited,,10.16470588235294,216000.0,0.2705882352941176,Completed buyout; exit date unknown. Submitted offering_date was 2020-12.,inactive,buyout,completed,,,,,,,,,,,,,,,0,0,,,,,,,0.0,,,,,,,0.45,0.0
rally-pokemon1,POKEMON1,1999 Pokémon First Edition Complete Set,trading cards,complete set,Pokémon First Edition Complete Set,Pokémon,,1999.0,,,,,1999.0,,,Pokemon First Edition Complete Set,,2020-06-01,125000.0,,,,,,5000.0,,exited,,52.0,260000.0,1.08,Completed buyout; exit date unknown. Submitted offering_date was 2020-06.,inactive,buyout,completed,,,,,,,,,,,,,,,0,0,,,,,,,0.0,,,,,,,0.45,0.0
rally-neobox,NEOBOX,2000 Pokémon Neo Genesis First Edition Booster Box,trading cards,booster box,Pokémon Neo Genesis First Edition Booster Box,Pokémon,,2000.0,,,,,2000.0,,Box,Pokemon Neo Genesis First Edition Booster,,2021-04-01,45000.0,,,,,,10000.0,,exited,,3.33,33300.0,-0.26,Completed buyout; exit date unknown. Submitted offering_date was 2021-04.,inactive,buyout,completed,,,,,,,,,,,,,,,0,0,,,,,,,0.0,,,,,,,0.45,0.0
