date,ticker,name,universe,category,price,return_1d,return_7d,return_30d,volatility,sharpe,sortino,max_drawdown,source_quality
2026-07-02,00MOUTON,2000 Château Mouton Rothschild,collectibles,wine and whiskey,7.9,0.006369426751592355,0.006369426751592355,0.006369426751592355,2.425176387501756,-1.6476385733242356,-2.667214055558198,-0.46071428571428574,high
2026-07-02,03TACHE,2003 Domaine de la Romanée-Conti La Tâche,collectibles,wine and whiskey,4.05,-0.012195121951219523,-0.012195121951219523,-0.012195121951219523,1.5208410660921012,3.2111668393185724,10.697158298397076,-0.19000000000000006,high
2026-07-02,05LATOUR,2005 Château Latour,collectibles,wine and whiskey,12.35,0.0,0.0,0.0,2.0233510467022775,2.279745042058238,3.357667467000136,-0.30722891566265065,high
2026-07-02,06BRM,2006 Giacomo Conterno Barolo Riserva Monfortino,collectibles,wine and whiskey,8.25,0.0,0.0,0.0,2.5094203292026913,1.4530503124199732,2.2656515735740643,-0.42713567839195976,high
2026-07-02,09BEAUX,2009 Domaine Leroy Vosne-Romanée Les Beaux Monts,collectibles,wine and whiskey,5.4,0.0,0.0,0.0,3.2614442599295907,2.9543302241734732,6.915418827218802,-0.34558823529411764,high
2026-07-02,09RBLEROY,2009 Domaine Leroy Richebourg,collectibles,wine and whiskey,21.0,0.05793450881612072,0.05793450881612072,0.05793450881612072,0.9328640423493781,2.3618018259984823,4.357131826937352,-0.1312910284463895,high
2026-07-02,11BELAIR,2011 Domaine du Comte Liger-Belair Vosne-Romanée Aux Reignots,collectibles,wine and whiskey,8.5,0.0,0.0,0.0,1.2038967990760236,-0.5633894393310889,-1.0149465324056441,-0.2010309278350515,high
2026-07-02,13BEAUX,2013 Domaine Leroy Vosne-Romanée Les Beaux Monts,collectibles,wine and whiskey,7.8,-0.012658227848101333,-0.012658227848101333,-0.012658227848101333,3.5283617222346297,2.902283889636083,9.580538381136135,-0.33644859813084116,high
2026-07-02,14DRC,2014 Domaine de la Romanée-Conti Assortment,collectibles,wine and whiskey,52.2,-0.000956937799043045,-0.000956937799043045,-0.000956937799043045,1.7391784752573833,0.6193302004274025,1.0314834389362486,-0.2962962962962963,high
2026-07-02,16PETRUS,2016 Château Pétrus,collectibles,wine and whiskey,4.2,-0.0117647058823529,-0.0117647058823529,-0.0117647058823529,1.4377338389740877,1.0540781203834337,3.651613395484862,-0.19999999999999996,high
2026-07-02,16SCREAG,2016 Screaming Eagle,collectibles,wine and whiskey,31.35,-0.020312499999999956,-0.020312499999999956,-0.020312499999999956,0.7277499674213118,-3.1930749465786077,-5.13002919170618,-0.2517899761336515,high
2026-07-02,17DUJAC,2017 Domaine Dujac Wine Collection,collectibles,wine and whiskey,9.4,0.021739130434782705,0.021739130434782705,0.021739130434782705,4.538998101867735,2.5194588651064755,6.240111244510546,-0.5233333333333333,high
2026-07-02,59BOND,Ian Fleming - Goldfinger (Dedication Copy),collectibles,books,4.5,0.5,0.5,0.5,3.9735566545590313,0.8125141234092925,1.4880504809224917,-0.6758620689655173,high
2026-07-02,59JFK,John F. Kennedy - Profiles in Courage (Inscribed to Frank Sinatra),collectibles,books,7.5,-0.0066225165562913135,-0.0066225165562913135,-0.0066225165562913135,2.9692568929619365,-0.1471882754590641,-0.2913984192294146,-0.5958333333333334,high
2026-07-02,62BOND,Ian Fleming - The Spy Who Loved Me (Inscribed to RFK),collectibles,books,2.65,-0.05357142857142849,-0.05357142857142849,-0.05357142857142849,2.5025873017648954,-0.4462702623581851,-0.9563538262358116,-0.4736842105263158,high
2026-07-02,79STELLA,1979 Rolex Coral Stella Dial Day-Date,collectibles,watches,5.9,0.22916666666666674,0.22916666666666674,0.22916666666666674,3.7677609627439113,4.017123037371975,14.475004267475873,-0.4244604316546763,high
2026-07-02,70RLEX,1970 Rolex Watch,collectibles,watches,19.5,-0.025000000000000022,-0.025000000000000022,-0.025000000000000022,2.5004382319298117,1.0820351503187609,1.3033978846468193,-0.39,high
2026-07-02,93DAYTONA,1993 Rolex Zenith Daytona Inverted 6,collectibles,watches,18.1,0.0,0.0,0.0,2.310834505004421,-0.01955858602691921,-0.03454813838557985,-0.41400000000000003,high
2026-07-02,AGHOWL,Allen Ginsberg - Howl and Other Poems (Inscribed First Edition),collectibles,books,39.0,0.62839248434238,3.875,3.875,7.41318280798882,1.9957093533825152,6.851927791653122,-0.8461538461538461,high
2026-07-02,ALICE,Lewis Carroll - Alice's Adventures in Wonderland (First Edition),collectibles,books,2.0,1.5,1.5,1.5,5.620253705105401,2.077614449599823,9.406921425612206,-0.627906976744186,high
2026-07-02,ANMLFARM,George Orwell - Animal Farm (First Edition),collectibles,books,23.45,0.13285024154589364,0.13285024154589364,0.13285024154589364,3.206183051513103,1.1437491626381744,2.4127412063414786,-0.5714285714285714,high
2026-07-02,APROAK,Audemars Piguet Royal Oak,collectibles,watches,40.65,0.0037037037037037646,0.0037037037037037646,0.0037037037037037646,1.7517377184422094,-19.002545494969226,-23.385826704518433,-0.45270270270270274,high
2026-07-02,BIRKINBLU,Hermès 25cm Blue Lizard Birkin,collectibles,handbags,30.9,-0.0911764705882353,-0.0911764705882353,-0.0911764705882353,1.7680069947933612,-4.1101324819136416,-5.690432199285672,-0.5509745127436283,high
2026-07-02,BIRKINBOR,Hermès 35cm Bordeaux Crocodile Birkin,collectibles,handbags,17.0,-0.1866028708133971,-0.1866028708133971,-0.1866028708133971,3.0780828321761025,-0.6267277173176352,-1.184635208624123,-0.595,high
2026-07-02,BIRKINTAN,Hermès 30cm Tangerine Ostrich Birkin,collectibles,handbags,25.6,-0.1452420701168614,-0.1452420701168614,-0.1452420701168614,2.4496849916524126,0.5824913839684187,1.0680198975664426,-0.375,high
2026-07-02,BOND1,Ian Fleming - Casino Royale (First Edition),collectibles,books,15.1,0.0,0.0,0.0,1.5793953116493673,-6.11334060947769,-7.546345751932399,-0.6420927467300832,high
2026-07-02,BONDWATCH,Pierce Brosnan Omega Seamaster James Bond Film-Worn Watch,collectibles,watches,2.05,-0.08888888888888902,-0.08888888888888902,-0.08888888888888902,2.3124901852194206,1.2191738570352786,4.595982720401512,-0.2727272727272727,high
2026-07-02,BRADBURY,Ray Bradbury - Fahrenheit 451 (Signed First Edition),collectibles,books,5.0,-0.04761904761904767,-0.04761904761904767,-0.04761904761904767,2.8932034020294988,-0.5415610004286897,-1.3462860048139444,-0.4475138121546962,high
2026-07-02,BROSGRIMM,Grimms' Fairy Tales (Inscribed),collectibles,books,20.0,0.6000000000000001,0.6000000000000001,0.5384615384615385,3.080846272917964,3.5039031376281518,11.694288225928235,-0.3811881188118812,high
2026-07-02,CHURCHILL,Winston Churchill - The Second World War (Signed First Edition),collectibles,books,3.15,-0.1923076923076923,-0.1923076923076923,-0.1923076923076923,4.978762782154632,4.170580822531064,6.136431124926824,-0.7767857142857143,high
2026-07-02,CONGRESS,Journals of the Continental Congress (1774–1775),collectibles,books,13.0,-0.007633587786259555,-0.007633587786259555,-0.007633587786259555,2.1626886794017848,-1.223010106778188,-2.1924415488238846,-0.631578947368421,high
2026-07-02,DEATON,Deaton Triceratops Skull,collectibles,fossils,23.75,-0.01041666666666663,-0.01041666666666663,-0.01041666666666663,2.335503976592188,2.7856308286154907,4.891430008779034,-0.33333333333333337,high
2026-07-02,DIMAGGIO2,DiMaggio 2 Watch,collectibles,watches,10.0,0.0,0.0,0.0,2.8471355612639693,-1.0591085624649206,-2.0698936521656424,-0.6111111111111112,high
2026-07-02,DOMINOS,Domino's Pizza Special Edition Rolex Air-King,collectibles,watches,5.1,-0.13559322033898313,-0.13559322033898313,-0.13559322033898313,4.148739976274566,1.3578181542692696,2.5908993462053918,-0.5806451612903225,high
2026-07-02,DUNE,Frank Herbert - Dune (Inscribed First Edition),collectibles,books,26.35,0.03131115459882583,0.03131115459882583,0.03131115459882583,4.488093933118564,2.7108365244532218,6.361798675352462,-0.5,high
2026-07-02,FAUBOURG,Hermès Faubourg,collectibles,handbags,58.7,0.02086956521739136,0.02086956521739136,0.02086956521739136,3.8142696024256986,0.03042284573028385,0.05080963842716306,-0.46631087391594395,high
2026-07-02,FAUBOURG2,Hermès Faubourg 2,collectibles,handbags,15.0,0.0,0.0,0.0,2.0777525389364095,1.2123868453862714,1.8406740096292384,-0.38983050847457623,high
2026-07-02,FROST,Robert Frost - A Boy's Will (First Edition),collectibles,books,78.9,0.6268041237113404,0.6268041237113404,0.6268041237113404,4.711883676943947,2.0362947135049367,4.503760768824001,-0.696969696969697,high
2026-07-02,GATSBY,The Great Gatsby (Signed First Edition),collectibles,books,24.0,0.1428571428571428,0.1428571428571428,0.1428571428571428,2.2277482564807563,-1.4873659337695597,-1.8175421262684663,-0.5386533665835411,high
2026-07-02,GMTBLACK1,1983 Rolex GMT-Master Nipple Dial,collectibles,watches,28.5,0.032608695652173836,0.032608695652173836,0.032608695652173836,1.6510740958830727,0.9031055206475177,1.6534447872573719,-0.30000000000000004,high
2026-07-02,GRAPES,John Steinbeck - The Grapes of Wrath (Inscribed First Edition),collectibles,books,12.95,0.4388888888888889,0.4388888888888889,0.4388888888888889,3.6925029805802203,0.30873446154431405,0.6495746701405988,-0.5398457583547558,high
2026-07-02,GWTW,Gone with the Wind (Inscribed First Printing),collectibles,books,3.4,-0.09333333333333338,-0.09333333333333338,-0.09333333333333338,5.214829254941177,1.3934959630504236,4.7783089847588505,-0.6082474226804124,high
2026-07-02,HGWELLS,H.G. Wells - The Time Machine (Inscribed First Edition),collectibles,books,2.3,-0.04166666666666674,-0.04166666666666674,-0.04166666666666674,2.4511574467161528,-4.2061976150136005,-6.013488546304108,-0.6581196581196581,high
2026-07-02,HIMALAYA,Hermès 30cm Himalaya Birkin,collectibles,handbags,46.9,-0.04285714285714293,-0.04285714285714293,-0.04285714285714293,2.6249041039993264,-0.6894882712718139,-1.2385706878460594,-0.4793333333333334,high
2026-07-02,HOLMES,Arthur Conan Doyle - Adventures & Memoirs of Sherlock Holmes,collectibles,books,6.45,0.0,0.0,0.0,1.204063148157525,-4.0979778480009434,-5.27227537263255,-0.32105263157894737,high
2026-07-02,HUCKFINN,Mark Twain - Adventures of Huckleberry Finn (First Edition),collectibles,books,5.4,-0.16923076923076918,-0.16923076923076918,-0.16923076923076918,4.213511985128378,-0.493560176589577,-1.4440545919998942,-0.5091743119266056,high
2026-07-02,IROBOT,"Isaac Asimov - I, Robot (First Edition)",collectibles,books,9.1,-0.29729729729729726,-0.29729729729729726,-0.29729729729729726,3.066625628894482,0.8900675815010975,1.6578178697379327,-0.42439024390243896,high
2026-07-02,JEKYLL,Dr. Jekyll and Mr. Hyde (First Edition),collectibles,books,2.8,0.5555555555555554,0.5555555555555554,0.5555555555555554,6.60429985523813,3.0501741568353933,6.716971487707719,-0.5833333333333333,high
2026-07-02,KARUIZAWA,Karuizawa Aqua of Life 50-Year-Old Whisky,collectibles,wine and whiskey,3.25,0.08333333333333326,0.08333333333333326,0.08333333333333326,1.3504041413648151,-4.501565729670079,-6.76568023615832,-0.5,high
2026-07-02,KELLER,Helen Keller 1892 Book (Inscribed),collectibles,books,3.55,0.41999999999999993,0.41999999999999993,0.7749999999999999,5.03397929611081,1.4152659891208996,3.61427425886504,-0.61,high
2026-07-02,KEROUAC,Jack Kerouac - On the Road (Signed First Edition),collectibles,books,5.95,0.2142857142857142,0.2142857142857142,0.2142857142857142,3.6855717665494816,1.0678133560369067,2.622300572012132,-0.6,high
2026-07-02,LOTF,William Golding - Lord of the Flies (First Edition),collectibles,books,3.75,-0.07407407407407407,-0.07407407407407407,-0.07407407407407407,2.9405705881629514,1.1077614122190713,1.893328431212453,-0.5755395683453237,high
2026-07-02,LOTR,J.R.R. Tolkien - The Lord of the Rings Trilogy (First Edition),collectibles,books,75.0,1.0833333333333335,1.0833333333333335,1.0833333333333335,4.769363989216283,4.030394904416188,9.86445566871751,-0.6169230769230769,high
2026-07-02,MACALLAN1,Macallan 30-Year-Old Blue Label Scotch Whisky,collectibles,wine and whiskey,12.5,-0.16666666666666663,-0.16666666666666663,-0.16666666666666663,2.472907398241544,-0.8607630499217,-1.4220318339255535,-0.4979919678714859,high
2026-07-02,MACALLAN2,Macallan 40-Year-Old Whisky,collectibles,wine and whiskey,5.8,-0.033333333333333326,-0.033333333333333326,-0.033333333333333326,3.8658413084060643,1.6438600009792748,4.190729901902197,-0.5146443514644352,high
2026-07-02,MACALLAN3,1938 Macallan Red Ribbon Whisky,collectibles,wine and whiskey,6.3,0.0,0.0,0.0,1.3566649301911058,0.2546419824239261,0.4306614131996439,-0.23448275862068968,high
2026-07-02,MARX,Karl Marx - Das Kapital (First Edition),collectibles,books,4.6,-0.11538461538461553,-0.11538461538461553,-0.11538461538461553,2.0424725586026846,-6.368165997909982,-12.170064799647687,-0.6714285714285715,high
2026-07-02,MEGALODON,Megalodon Fossil,collectibles,fossils,5.95,0.202020202020202,0.202020202020202,0.202020202020202,3.3735724466080947,3.092330205977269,5.460157509396562,-0.36,high
2026-07-02,MOBYDICK,Herman Melville - Moby-Dick (First Edition),collectibles,books,3.35,0.1166666666666667,0.1166666666666667,0.1166666666666667,3.6770205203862476,-0.0153293145213188,-0.03562641134946477,-0.5973154362416108,high
2026-07-02,MOSASAUR,Mosasaur,collectibles,fossils,5.7,0.19999999999999996,0.19999999999999996,0.19999999999999996,3.703784768337484,2.230425529457735,5.855720922914478,-0.5121951219512195,high
2026-07-02,NEWTON,Isaac Newton - Principia (First Edition),collectibles,books,6.85,0.04580152671755733,0.04580152671755733,0.04580152671755733,1.3213423174602021,-3.1009042763557226,-9.273948922660823,-0.4099999999999999,high
2026-07-02,NEWWORLD,Aldous Huxley - Brave New World (First Edition),collectibles,books,5.8,0.9661016949152541,0.9661016949152541,0.9661016949152541,4.503669456654408,3.5383251350432716,7.366330266416946,-0.4591836734693878,high
2026-07-02,PAPPY1,Pappy Van Winkle Bourbon Assortment,collectibles,wine and whiskey,32.55,-0.07000000000000006,-0.07000000000000006,-0.07000000000000006,3.9149548737932487,4.546225874991626,10.145451042815179,-0.34545454545454546,high
2026-07-02,PICNIC,Hermès 35cm Picnic Kelly,collectibles,handbags,13.3,-0.3666666666666666,-0.3666666666666666,-0.3666666666666666,4.253779012395219,1.5714411682428742,3.265968850350062,-0.5766283524904214,high
2026-07-02,RABBIT,The Tale of Peter Rabbit (First Edition),collectibles,books,4.75,0.9387755102040816,0.9387755102040816,1.1590909090909087,4.182180721708903,2.196070442233818,7.5486811475149524,-0.44999999999999996,high
2026-07-02,RIVIERA,1965 Rolex 1601 Datejust Joyera Riviera,collectibles,watches,3.3,-0.17500000000000004,-0.17500000000000004,-0.17500000000000004,2.299874464310698,-1.184140720071205,-1.6625215746427675,-0.3564356435643564,high
2026-07-02,RLEXPEPSI,Rolex GMT-Master II Pepsi Jubilee,collectibles,watches,10.0,-0.09090909090909094,-0.09090909090909094,-0.09090909090909094,2.2162021629912947,1.0665757233340858,1.7478809303358873,-0.3939393939393939,high
2026-07-02,ROOSEVELT,Theodore Roosevelt - African Game Trails (Signed First Edition),collectibles,books,19.8,1.4444444444444446,1.4444444444444446,1.4444444444444446,8.858524147972204,2.8526682891071813,7.693040384919802,-0.825,high
2026-07-02,SHKSPR4,"Shakespeare - Comedies, Histories & Tragedies",collectibles,books,75.0,-0.09638554216867468,-0.09638554216867468,-0.09638554216867468,2.9581268607827633,-2.114741403514809,-2.9330769068793647,-0.7625,high
2026-07-02,SMURF,Rolex Submariner Smurf,collectibles,watches,18.05,0.03142857142857136,0.03142857142857136,0.03142857142857136,2.191009288417105,1.1093808053553293,1.6360689207463726,-0.4444444444444444,high
2026-07-02,SNOOPY,Omega Speedmaster Silver Snoopy,collectibles,watches,13.75,0.17021276595744683,0.17021276595744683,0.17021276595744683,3.003370636559922,0.39070165114624,0.9490724257868778,-0.5495495495495495,high
2026-07-02,SOBLACK,Hermès 30cm So Black Birkin,collectibles,handbags,35.05,-0.12375000000000003,-0.12375000000000003,-0.12375000000000003,3.658761965198751,0.32857976456009597,0.6009587101645572,-0.5292035398230088,high
2026-07-02,TKAM,Harper Lee - To Kill a Mockingbird (Signed First Edition),collectibles,books,12.5,0.25,0.25,0.25,3.056392268684368,0.8191904305489933,1.175170428626863,-0.5277777777777778,high
2026-07-02,TORNEK,Tornek-Rayville TR-900,collectibles,watches,2.35,-0.05999999999999994,-0.05999999999999994,-0.05999999999999994,2.372630726734384,-1.7717428741881023,-2.7957068539935785,-0.525,high
2026-07-02,TREASURE,Treasure Island (First Edition),collectibles,books,3.1,0.03333333333333344,0.03333333333333344,0.03333333333333344,4.523036348143119,2.6812837183347042,6.582407129345507,-0.5222222222222223,high
2026-07-02,TWOCITIES,Charles Dickens - A Tale of Two Cities (First Edition),collectibles,books,68.0,0.0,0.0,0.0,2.7920072494742545,0.6988901124924226,0.8726328334374147,-0.6862068965517241,high
2026-07-02,ULYSSES,James Joyce - Ulysses (Matisse Signed),collectibles,books,35.0,0.02941176470588225,0.02941176470588225,0.02941176470588225,2.6185925868679583,-0.6949405247369721,-0.8022693168593621,-0.5491803278688525,high
2026-07-02,WALDEN,Henry David Thoreau - Walden (First Edition),collectibles,books,15.5,0.0,0.0,0.0,3.890710919858803,3.049506140515381,7.462224206487079,-0.43661971830985913,high
2026-07-02,WILDTHING,Where the Wild Things Are (Inscribed First Edition),collectibles,books,6.95,0.0,0.0,0.0,3.573844780968251,0.720871508461548,1.3896167483193638,-0.5314285714285715,high
2026-07-02,WZRDOFOZ,The Wonderful Wizard of Oz (First Edition),collectibles,books,6.15,0.025000000000000133,0.025000000000000133,0.025000000000000133,2.441788781085691,-3.760442841818721,-4.870005125728767,-0.5938566552901023,high
2026-07-02,YOKO,Yoko Ono - Grapefruit (Signed First Edition),collectibles,books,42.05,0.0011904761904761862,0.0011904761904761862,0.0011904761904761862,2.233499679097501,-1.9242013110476306,-1.885738971770951,-0.6059113300492611,high
2026-07-02,93XJ1,1993 Jaguar XJ220,collectibles,cars,84.0,0.0,0.0,0.0,2.0507694935684193,0.2705486488169137,0.7932981046843463,-0.47448206164729667,high
2026-07-02,83FB1,1983 Ferrari 512 BBi,collectibles,cars,49.1,-0.027722772277227747,-0.027722772277227747,-0.027722772277227747,2.4032854248233226,-0.24577158990544068,-0.658173060065015,-0.5070422535211268,high
2026-07-02,63CC1,1963 Chevrolet Corvette Split Window,collectibles,cars,69.0,0.0,0.0,0.0,1.7675274925564814,0.9799909933146093,1.2779104537390724,-0.3717948717948718,high
2026-07-02,65FM1,1965 Mustang Fastback,collectibles,cars,34.9,0.011594202898550732,0.011594202898550732,0.011594202898550732,3.0154521917239343,1.0650605123321304,1.2690603937693388,-0.6607142857142857,high
2026-07-02,55PS1,1955 Porsche 356 Speedster,collectibles,cars,142.5,0.05555555555555558,0.05555555555555558,0.05555555555555558,1.8856384493739942,-1.3855288090736275,-2.0881739658839935,-0.5800000000000001,high
2026-07-02,WARHOL1,"1967 Andy Warhol Marilyn Monroe Print, Signed",collectibles,art,6.0,0.0,0.0,0.0,2.4180630796455787,-0.45034542748570294,-1.8820936186522528,-0.3513513513513513,high
2026-07-02,GRATEFUL1,1966 Grateful Dead Skeleton and Roses Poster,collectibles,art,7.2,-0.11111111111111105,-0.11111111111111105,-0.11111111111111105,2.1221325267822646,-5.384518580297729,-11.029012057636734,-0.5167785234899329,high
2026-07-02,WARHOL2,"1969 Andy Warhol Campbell’s Soup Print, Signed",collectibles,art,7.2,-0.18181818181818188,-0.18181818181818188,-0.18181818181818188,2.659387033971173,0.12802640156689865,0.2881616698322297,-0.33684210526315794,high
2026-07-02,SACHS1,Tom Sachs Rocket Factory “Game Changer”,collectibles,art,2.0,-0.16666666666666663,-0.16666666666666663,-0.16666666666666663,5.996425048987519,-0.9139116866198066,-2.5806563284657575,-0.8,high
2026-07-02,ANDYPELE,1977 Andy Warhol Pelé Polaroid,collectibles,art,2.4,-0.040000000000000036,-0.040000000000000036,-0.040000000000000036,2.0048065246649807,-3.9207022746733107,-7.622271425762313,-0.40740740740740744,high
2026-07-02,HIRST1,"Damien Hirst, The Currency, Painting",collectibles,art,3.0,-0.1428571428571429,-0.1428571428571429,-0.1428571428571429,4.161272007080531,0.6452276784088817,2.28033142777311,-0.49382716049382713,high
2026-07-02,GOLD1,172 GM Gold Nugget,collectibles,precious minerals,10.0,-0.64349376114082,-0.64349376114082,-0.64349376114082,8.337979659296437,4.161630496512927,10.109983499491694,-0.6666666666666667,high
2026-07-02,METEORITE,Lunar Meteorite,collectibles,precious minerals,7.25,-0.09375,-0.09375,-0.09375,1.6617999460788702,-2.547335454765364,-2.985977142333409,-0.39583333333333337,high
2026-07-02,1857COIN,1857 “Ship of Gold” Coin,collectibles,coins,16.0,-0.36,-0.36,-0.36,5.11465375729297,4.551479646649188,12.908376118647729,-0.36,high
2026-07-02,JUSTINIAN,First Depiction of Christ on a Coin,collectibles,coins,15.0,0.0714285714285714,0.0714285714285714,0.0714285714285714,2.778734183884167,2.2325166739855726,5.363026996026929,-0.4666666666666667,high
2026-07-02,CROESUS,561–546 BC First Gold Coin,collectibles,coins,8.3,0.012195121951219745,0.012195121951219745,0.012195121951219745,2.010508853935874,1.8529955101645437,4.515317922458398,-0.20645161290322578,high
